show_id,ratings
s1,5
s2,5
s3,5
s4,3
s5,3
s6,5
s7,5
s8,5
s9,2
s10,5
s11,5
s12,5
s13,5
s14,5
s15,5
s16,2
s17,2
s18,5
s19,2
s20,3
s21,2
s22,2
s23,2
s24,2
s25,2
s26,1
s27,5
s28,5
s29,2
s30,5
s31,2
s32,1
s33,1
s34,2
s35,2
s36,3
s37,5
s38,5
s39,2
s40,5
s41,2
s42,5
s43,5
s44,5
s45,3
s46,5
s47,3
s48,2
s49,2
s50,2
s51,3
s52,2
s53,5
s54,2
s55,5
s56,4
s57,2
s58,2
s59,2
s60,2
s61,5
s62,2
s63,1
s64,5
s65,5
s66,5
s67,5
s68,
s69,5
s70,5
s71,5
s72,3
s73,3
s74,5
s75,5
s76,5
s77,5
s78,5
s79,3
s80,3
s81,5
s82,3
s83,2
s84,5
s85,5
s86,5
s87,2
s88,5
s89,5
s90,5
s91,2
s92,5
s93,5
s94,5
s95,3
s96,3
s97,3
s98,5
s99,3
s100,3
s101,3
s102,3
s103,5
s104,2
s105,5
s106,2
s107,5
s108,5
s109,4
s110,2
s111,5
s112,4
s113,5
s114,1
s115,5
s116,1
s117,5
s118,5
s119,3
s120,2
s121,5
s122,3
s123,5
s124,2
s125,2
s126,5
s127,5
s128,5
s129,5
s130,5
s131,5
s132,5
s133,2
s134,5
s135,3
s136,3
s137,5
s138,3
s139,2
s140,2
s141,3
s142,5
s143,3
s144,5
s145,3
s146,3
s147,3
s148,3
s149,5
s150,2
s151,2
s152,3
s153,5
s154,3
s155,3
s156,1
s157,2
s158,2
s159,1
s160,3
s161,3
s162,3
s163,4
s164,3
s165,3
s166,5
s167,5
s168,4
s169,5
s170,3
s171,5
s172,3
s173,2
s174,5
s175,5
s176,5
s177,5
s178,4
s179,4
s180,4
s181,2
s182,3
s183,5
s184,5
s185,2
s186,5
s187,1
s188,5
s189,3
s190,5
s191,5
s192,5
s193,5
s194,5
s195,2
s196,2
s197,5
s198,1
s199,1
s200,3
s201,3
s202,2
s203,2
s204,5
s205,5
s206,3
s207,5
s208,3
s209,2
s210,5
s211,3
s212,5
s213,5
s214,2
s215,5
s216,5
s217,2
s218,3
s219,2
s220,5
s221,1
s222,5
s223,5
s224,2
s225,3
s226,3
s227,5
s228,1
s229,2
s230,5
s231,2
s232,3
s233,2
s234,4
s235,5
s236,5
s237,3
s238,3
s239,5
s240,2
s241,3
s242,5
s243,4
s244,5
s245,4
s246,5
s247,1
s248,2
s249,5
s250,1
s251,3
s252,5
s253,2
s254,3
s255,3
s256,3
s257,3
s258,5
s259,5
s260,2
s261,2
s262,5
s263,3
s264,5
s265,5
s266,2
s267,3
s268,2
s269,3
s270,2
s271,2
s272,2
s273,2
s274,2
s275,2
s276,2
s277,4
s278,3
s279,2
s280,2
s281,5
s282,2
s283,2
s284,2
s285,3
s286,4
s287,3
s288,5
s289,2
s290,3
s291,2
s292,5
s293,5
s294,5
s295,2
s296,3
s297,5
s298,3
s299,5
s300,1
s301,3
s302,5
s303,5
s304,5
s305,5
s306,5
s307,2
s308,5
s309,5
s310,2
s311,5
s312,2
s313,5
s314,5
s315,3
s316,2
s317,5
s318,1
s319,2
s320,5
s321,5
s322,3
s323,3
s324,3
s325,5
s326,3
s327,1
s328,5
s329,3
s330,5
s331,5
s332,5
s333,5
s334,2
s335,5
s336,5
s337,5
s338,5
s339,3
s340,5
s341,2
s342,2
s343,3
s344,2
s345,5
s346,2
s347,2
s348,5
s349,2
s350,5
s351,3
s352,3
s353,3
s354,2
s355,2
s356,5
s357,2
s358,2
s359,2
s360,3
s361,5
s362,5
s363,5
s364,2
s365,1
s366,2
s367,5
s368,2
s369,2
s370,5
s371,5
s372,5
s373,5
s374,5
s375,3
s376,5
s377,5
s378,5
s379,5
s380,5
s381,1
s382,5
s383,5
s384,5
s385,2
s386,5
s387,5
s388,5
s389,5
s390,5
s391,5
s392,2
s393,3
s394,5
s395,5
s396,3
s397,4
s398,5
s399,3
s400,4
s401,3
s402,2
s403,5
s404,5
s405,3
s406,2
s407,3
s408,5
s409,1
s410,5
s411,5
s412,4
s413,4
s414,1
s415,2
s416,5
s417,5
s418,5
s419,5
s420,5
s421,2
s422,5
s423,3
s424,2
s425,5
s426,5
s427,5
s428,5
s429,2
s430,5
s431,2
s432,5
s433,1
s434,4
s435,4
s436,1
s437,5
s438,5
s439,5
s440,2
s441,2
s442,2
s443,5
s444,3
s445,5
s446,5
s447,2
s448,2
s449,5
s450,3
s451,3
s452,2
s453,2
s454,5
s455,5
s456,5
s457,2
s458,5
s459,5
s460,5
s461,3
s462,2
s463,2
s464,1
s465,5
s466,5
s467,5
s468,5
s469,5
s470,5
s471,5
s472,2
s473,5
s474,5
s475,5
s476,5
s477,5
s478,2
s479,5
s480,2
s481,3
s482,5
s483,5
s484,5
s485,3
s486,1
s487,1
s488,1
s489,1
s490,5
s491,5
s492,5
s493,2
s494,5
s495,2
s496,3
s497,5
s498,2
s499,5
s500,5
s501,2
s502,5
s503,5
s504,5
s505,2
s506,2
s507,2
s508,2
s509,2
s510,2
s511,2
s512,3
s513,2
s514,5
s515,2
s516,2
s517,3
s518,5
s519,5
s520,4
s521,4
s522,3
s523,3
s524,4
s525,5
s526,2
s527,2
s528,3
s529,4
s530,5
s531,5
s532,5
s533,2
s534,2
s535,2
s536,2
s537,3
s538,2
s539,3
s540,3
s541,2
s542,5
s543,3
s544,5
s545,5
s546,5
s547,3
s548,5
s549,4
s550,3
s551,5
s552,5
s553,2
s554,5
s555,3
s556,2
s557,4
s558,5
s559,5
s560,5
s561,2
s562,1
s563,3
s564,5
s565,3
s566,5
s567,5
s568,2
s569,5
s570,3
s571,4
s572,3
s573,2
s574,2
s575,2
s576,5
s577,5
s578,5
s579,5
s580,5
s581,2
s582,2
s583,5
s584,5
s585,2
s586,5
s587,5
s588,3
s589,3
s590,5
s591,2
s592,5
s593,3
s594,5
s595,2
s596,5
s597,2
s598,3
s599,4
s600,5
s601,5
s602,2
s603,5
s604,5
s605,2
s606,2
s607,1
s608,5
s609,2
s610,2
s611,3
s612,3
s613,2
s614,3
s615,2
s616,4
s617,5
s618,2
s619,2
s620,2
s621,5
s622,5
s623,5
s624,3
s625,5
s626,3
s627,3
s628,3
s629,5
s630,5
s631,2
s632,5
s633,4
s634,3
s635,5
s636,3
s637,5
s638,5
s639,5
s640,3
s641,2
s642,3
s643,5
s644,5
s645,5
s646,5
s647,2
s648,2
s649,5
s650,5
s651,5
s652,5
s653,2
s654,2
s655,2
s656,2
s657,5
s658,2
s659,5
s660,2
s661,2
s662,2
s663,2
s664,5
s665,2
s666,5
s667,5
s668,2
s669,5
s670,5
s671,3
s672,2
s673,5
s674,5
s675,1
s676,4
s677,5
s678,3
s679,5
s680,2
s681,5
s682,1
s683,5
s684,5
s685,5
s686,5
s687,2
s688,5
s689,5
s690,5
s691,5
s692,5
s693,5
s694,5
s695,5
s696,5
s697,5
s698,5
s699,2
s700,2
s701,2
s702,2
s703,5
s704,5
s705,4
s706,3
s707,4
s708,5
s709,1
s710,1
s711,1
s712,5
s713,2
s714,2
s715,5
s716,5
s717,1
s718,3
s719,5
s720,2
s721,5
s722,5
s723,5
s724,2
s725,2
s726,2
s727,2
s728,2
s729,5
s730,2
s731,5
s732,5
s733,5
s734,4
s735,4
s736,4
s737,4
s738,4
s739,4
s740,4
s741,4
s742,4
s743,4
s744,4
s745,4
s746,4
s747,4
s748,4
s749,2
s750,2
s751,5
s752,2
s753,3
s754,2
s755,2
s756,5
s757,3
s758,5
s759,5
s760,3
s761,4
s762,5
s763,2
s764,3
s765,5
s766,5
s767,2
s768,5
s769,3
s770,5
s771,3
s772,3
s773,5
s774,2
s775,2
s776,5
s777,3
s778,3
s779,2
s780,4
s781,1
s782,3
s783,1
s784,3
s785,5
s786,5
s787,4
s788,4
s789,2
s790,5
s791,5
s792,2
s793,2
s794,5
s795,3
s796,3
s797,2
s798,2
s799,2
s800,3
s801,1
s802,3
s803,3
s804,3
s805,5
s806,5
s807,3
s808,3
s809,3
s810,2
s811,2
s812,2
s813,5
s814,2
s815,5
s816,5
s817,5
s818,2
s819,3
s820,2
s821,2
s822,5
s823,2
s824,5
s825,5
s826,1
s827,5
s828,5
s829,4
s830,4
s831,3
s832,3
s833,5
s834,5
s835,3
s836,3
s837,1
s838,3
s839,5
s840,2
s841,5
s842,5
s843,5
s844,5
s845,5
s846,5
s847,5
s848,5
s849,5
s850,1
s851,2
s852,2
s853,5
s854,5
s855,5
s856,3
s857,5
s858,3
s859,5
s860,5
s861,3
s862,2
s863,2
s864,2
s865,5
s866,5
s867,3
s868,2
s869,4
s870,4
s871,4
s872,4
s873,4
s874,5
s875,2
s876,5
s877,2
s878,1
s879,2
s880,3
s881,5
s882,2
s883,2
s884,2
s885,3
s886,2
s887,2
s888,2
s889,2
s890,4
s891,2
s892,2
s893,5
s894,2
s895,3
s896,2
s897,2
s898,2
s899,3
s900,1
s901,5
s902,3
s903,1
s904,3
s905,5
s906,3
s907,5
s908,3
s909,5
s910,3
s911,5
s912,3
s913,5
s914,5
s915,5
s916,1
s917,5
s918,5
s919,5
s920,5
s921,5
s922,5
s923,5
s924,5
s925,2
s926,3
s927,3
s928,5
s929,3
s930,2
s931,5
s932,5
s933,2
s934,5
s935,5
s936,1
s937,5
s938,5
s939,5
s940,2
s941,5
s942,5
s943,5
s944,2
s945,2
s946,5
s947,5
s948,5
s949,2
s950,5
s951,5
s952,5
s953,2
s954,2
s955,2
s956,3
s957,5
s958,5
s959,5
s960,3
s961,5
s962,5
s963,5
s964,5
s965,5
s966,5
s967,5
s968,3
s969,2
s970,3
s971,2
s972,5
s973,5
s974,2
s975,3
s976,2
s977,5
s978,2
s979,2
s980,5
s981,5
s982,3
s983,5
s984,5
s985,2
s986,5
s987,5
s988,2
s989,5
s990,5
s991,5
s992,5
s993,5
s994,5
s995,2
s996,5
s997,NC-17
s998,3
s999,5
s1000,5
s1001,1
s1002,5
s1003,3
s1004,5
s1005,2
s1006,5
s1007,2
s1008,2
s1009,5
s1010,5
s1011,4
s1012,5
s1013,1
s1014,1
s1015,5
s1016,3
s1017,2
s1018,2
s1019,5
s1020,2
s1021,2
s1022,3
s1023,2
s1024,3
s1025,5
s1026,5
s1027,5
s1028,2
s1029,5
s1030,5
s1031,3
s1032,5
s1033,5
s1034,5
s1035,5
s1036,2
s1037,5
s1038,5
s1039,5
s1040,3
s1041,5
s1042,5
s1043,5
s1044,4
s1045,4
s1046,5
s1047,3
s1048,2
s1049,2
s1050,5
s1051,5
s1052,5
s1053,5
s1054,5
s1055,2
s1056,2
s1057,5
s1058,5
s1059,2
s1060,2
s1061,2
s1062,5
s1063,4
s1064,5
s1065,2
s1066,5
s1067,3
s1068,5
s1069,5
s1070,5
s1071,2
s1072,5
s1073,5
s1074,1
s1075,3
s1076,1
s1077,5
s1078,3
s1079,3
s1080,2
s1081,5
s1082,5
s1083,3
s1084,4
s1085,5
s1086,5
s1087,2
s1088,2
s1089,5
s1090,5
s1091,5
s1092,3
s1093,2
s1094,5
s1095,2
s1096,5
s1097,3
s1098,5
s1099,3
s1100,5
s1101,5
s1102,5
s1103,5
s1104,5
s1105,5
s1106,2
s1107,3
s1108,2
s1109,5
s1110,2
s1111,3
s1112,5
s1113,5
s1114,5
s1115,5
s1116,5
s1117,5
s1118,2
s1119,2
s1120,3
s1121,3
s1122,3
s1123,2
s1124,5
s1125,3
s1126,4
s1127,5
s1128,4
s1129,4
s1130,5
s1131,5
s1132,1
s1133,5
s1134,2
s1135,5
s1136,5
s1137,5
s1138,3
s1139,5
s1140,1
s1141,3
s1142,3
s1143,5
s1144,5
s1145,5
s1146,5
s1147,5
s1148,5
s1149,5
s1150,5
s1151,2
s1152,5
s1153,2
s1154,5
s1155,5
s1156,5
s1157,2
s1158,5
s1159,2
s1160,2
s1161,5
s1162,5
s1163,3
s1164,5
s1165,5
s1166,5
s1167,2
s1168,5
s1169,5
s1170,2
s1171,5
s1172,2
s1173,5
s1174,4
s1175,4
s1176,4
s1177,4
s1178,4
s1179,5
s1180,2
s1181,5
s1182,5
s1183,5
s1184,5
s1185,2
s1186,2
s1187,2
s1188,5
s1189,1
s1190,5
s1191,5
s1192,2
s1193,5
s1194,5
s1195,3
s1196,2
s1197,5
s1198,2
s1199,5
s1200,5
s1201,5
s1202,5
s1203,5
s1204,1
s1205,2
s1206,3
s1207,4
s1208,4
s1209,5
s1210,3
s1211,5
s1212,5
s1213,4
s1214,4
s1215,4
s1216,2
s1217,2
s1218,2
s1219,2
s1220,5
s1221,5
s1222,2
s1223,4
s1224,4
s1225,5
s1226,5
s1227,5
s1228,5
s1229,3
s1230,5
s1231,2
s1232,5
s1233,5
s1234,2
s1235,3
s1236,5
s1237,5
s1238,2
s1239,5
s1240,5
s1241,5
s1242,1
s1243,3
s1244,5
s1245,2
s1246,5
s1247,5
s1248,3
s1249,3
s1250,5
s1251,5
s1252,5
s1253,3
s1254,3
s1255,3
s1256,1
s1257,3
s1258,2
s1259,3
s1260,3
s1261,2
s1262,2
s1263,2
s1264,2
s1265,2
s1266,2
s1267,5
s1268,2
s1269,5
s1270,2
s1271,2
s1272,2
s1273,1
s1274,3
s1275,2
s1276,3
s1277,5
s1278,5
s1279,5
s1280,3
s1281,3
s1282,3
s1283,4
s1284,1
s1285,2
s1286,4
s1287,2
s1288,3
s1289,5
s1290,2
s1291,3
s1292,3
s1293,5
s1294,3
s1295,5
s1296,2
s1297,2
s1298,2
s1299,5
s1300,3
s1301,3
s1302,2
s1303,5
s1304,3
s1305,5
s1306,2
s1307,2
s1308,5
s1309,5
s1310,5
s1311,5
s1312,2
s1313,5
s1314,5
s1315,2
s1316,5
s1317,4
s1318,4
s1319,4
s1320,4
s1321,4
s1322,4
s1323,4
s1324,2
s1325,2
s1326,1
s1327,5
s1328,4
s1329,4
s1330,5
s1331,2
s1332,5
s1333,2
s1334,5
s1335,3
s1336,2
s1337,1
s1338,3
s1339,2
s1340,5
s1341,5
s1342,4
s1343,2
s1344,1
s1345,1
s1346,5
s1347,2
s1348,5
s1349,2
s1350,5
s1351,2
s1352,5
s1353,5
s1354,5
s1355,5
s1356,5
s1357,5
s1358,5
s1359,3
s1360,5
s1361,5
s1362,5
s1363,3
s1364,5
s1365,3
s1366,3
s1367,1
s1368,1
s1369,5
s1370,3
s1371,3
s1372,3
s1373,3
s1374,3
s1375,5
s1376,5
s1377,4
s1378,4
s1379,4
s1380,4
s1381,4
s1382,4
s1383,4
s1384,3
s1385,2
s1386,3
s1387,5
s1388,2
s1389,2
s1390,3
s1391,2
s1392,3
s1393,2
s1394,3
s1395,5
s1396,5
s1397,3
s1398,5
s1399,5
s1400,3
s1401,5
s1402,5
s1403,5
s1404,5
s1405,2
s1406,5
s1407,3
s1408,5
s1409,3
s1410,3
s1411,2
s1412,5
s1413,3
s1414,4
s1415,3
s1416,5
s1417,3
s1418,2
s1419,5
s1420,5
s1421,5
s1422,5
s1423,2
s1424,5
s1425,5
s1426,5
s1427,3
s1428,3
s1429,3
s1430,5
s1431,5
s1432,5
s1433,5
s1434,5
s1435,5
s1436,5
s1437,5
s1438,5
s1439,3
s1440,5
s1441,2
s1442,2
s1443,5
s1444,5
s1445,4
s1446,4
s1447,5
s1448,5
s1449,4
s1450,3
s1451,5
s1452,3
s1453,3
s1454,2
s1455,2
s1456,5
s1457,2
s1458,5
s1459,2
s1460,5
s1461,5
s1462,2
s1463,5
s1464,5
s1465,5
s1466,2
s1467,3
s1468,2
s1469,5
s1470,2
s1471,2
s1472,5
s1473,2
s1474,2
s1475,3
s1476,2
s1477,2
s1478,5
s1479,5
s1480,2
s1481,5
s1482,5
s1483,5
s1484,2
s1485,5
s1486,5
s1487,5
s1488,2
s1489,5
s1490,2
s1491,5
s1492,5
s1493,2
s1494,1
s1495,2
s1496,5
s1497,5
s1498,2
s1499,3
s1500,5
s1501,5
s1502,3
s1503,3
s1504,3
s1505,5
s1506,5
s1507,2
s1508,5
s1509,3
s1510,2
s1511,5
s1512,5
s1513,1
s1514,3
s1515,5
s1516,5
s1517,5
s1518,5
s1519,2
s1520,5
s1521,3
s1522,2
s1523,3
s1524,5
s1525,5
s1526,5
s1527,5
s1528,5
s1529,2
s1530,4
s1531,5
s1532,5
s1533,3
s1534,5
s1535,5
s1536,5
s1537,5
s1538,2
s1539,5
s1540,5
s1541,5
s1542,5
s1543,5
s1544,5
s1545,2
s1546,2
s1547,3
s1548,3
s1549,2
s1550,5
s1551,5
s1552,5
s1553,3
s1554,4
s1555,5
s1556,5
s1557,5
s1558,5
s1559,5
s1560,5
s1561,5
s1562,2
s1563,3
s1564,5
s1565,5
s1566,2
s1567,3
s1568,3
s1569,5
s1570,5
s1571,3
s1572,2
s1573,5
s1574,5
s1575,5
s1576,3
s1577,2
s1578,3
s1579,3
s1580,5
s1581,1
s1582,2
s1583,5
s1584,5
s1585,5
s1586,5
s1587,4
s1588,3
s1589,3
s1590,1
s1591,3
s1592,2
s1593,5
s1594,3
s1595,5
s1596,3
s1597,4
s1598,4
s1599,2
s1600,5
s1601,5
s1602,5
s1603,5
s1604,5
s1605,3
s1606,5
s1607,5
s1608,5
s1609,5
s1610,3
s1611,5
s1612,5
s1613,5
s1614,5
s1615,5
s1616,5
s1617,3
s1618,5
s1619,3
s1620,5
s1621,2
s1622,5
s1623,5
s1624,2
s1625,2
s1626,5
s1627,2
s1628,2
s1629,1
s1630,5
s1631,5
s1632,5
s1633,5
s1634,3
s1635,5
s1636,5
s1637,5
s1638,5
s1639,2
s1640,4
s1641,2
s1642,5
s1643,5
s1644,5
s1645,5
s1646,5
s1647,4
s1648,2
s1649,3
s1650,5
s1651,5
s1652,5
s1653,5
s1654,5
s1655,2
s1656,2
s1657,2
s1658,3
s1659,5
s1660,5
s1661,3
s1662,2
s1663,4-FV
s1664,5
s1665,5
s1666,3
s1667,5
s1668,2
s1669,5
s1670,3
s1671,2
s1672,5
s1673,5
s1674,5
s1675,5
s1676,5
s1677,5
s1678,2
s1679,2
s1680,3
s1681,5
s1682,5
s1683,2
s1684,5
s1685,5
s1686,5
s1687,2
s1688,2
s1689,2
s1690,2
s1691,5
s1692,5
s1693,2
s1694,3
s1695,5
s1696,2
s1697,5
s1698,5
s1699,1
s1700,2
s1701,5
s1702,5
s1703,5
s1704,4
s1705,5
s1706,5
s1707,5
s1708,5
s1709,5
s1710,5
s1711,5
s1712,5
s1713,2
s1714,5
s1715,5
s1716,5
s1717,5
s1718,5
s1719,5
s1720,2
s1721,5
s1722,2
s1723,5
s1724,5
s1725,5
s1726,2
s1727,5
s1728,5
s1729,5
s1730,3
s1731,3
s1732,5
s1733,2
s1734,2
s1735,3
s1736,3
s1737,3
s1738,1
s1739,2
s1740,5
s1741,2
s1742,2
s1743,5
s1744,2
s1745,5
s1746,3
s1747,2
s1748,3
s1749,3
s1750,1
s1751,3
s1752,3
s1753,5
s1754,5
s1755,4
s1756,4
s1757,2
s1758,2
s1759,5
s1760,2
s1761,2
s1762,3
s1763,2
s1764,2
s1765,3
s1766,5
s1767,3
s1768,4
s1769,1
s1770,4
s1771,4
s1772,4
s1773,5
s1774,5
s1775,5
s1776,2
s1777,5
s1778,2
s1779,5
s1780,5
s1781,2
s1782,5
s1783,2
s1784,5
s1785,5
s1786,5
s1787,3
s1788,5
s1789,5
s1790,2
s1791,3
s1792,5
s1793,5
s1794,3
s1795,2
s1796,5
s1797,3
s1798,5
s1799,5
s1800,5
s1801,5
s1802,2
s1803,2
s1804,3
s1805,3
s1806,3
s1807,5
s1808,2
s1809,2
s1810,2
s1811,3
s1812,5
s1813,5
s1814,5
s1815,2
s1816,5
s1817,3
s1818,2
s1819,5
s1820,5
s1821,5
s1822,5
s1823,5
s1824,5
s1825,5
s1826,5
s1827,2
s1828,2
s1829,5
s1830,2
s1831,5
s1832,2
s1833,1
s1834,5
s1835,2
s1836,2
s1837,3
s1838,3
s1839,3
s1840,3
s1841,5
s1842,3
s1843,3
s1844,3
s1845,2
s1846,2
s1847,3
s1848,2
s1849,5
s1850,3
s1851,3
s1852,3
s1853,3
s1854,3
s1855,4
s1856,3
s1857,4
s1858,4
s1859,4
s1860,4
s1861,4
s1862,2
s1863,1
s1864,5
s1865,1
s1866,5
s1867,3
s1868,3
s1869,4
s1870,3
s1871,3
s1872,3
s1873,3
s1874,3
s1875,3
s1876,2
s1877,5
s1878,2
s1879,2
s1880,3
s1881,5
s1882,5
s1883,5
s1884,5
s1885,5
s1886,5
s1887,3
s1888,5
s1889,3
s1890,5
s1891,2
s1892,2
s1893,2
s1894,3
s1895,3
s1896,2
s1897,2
s1898,5
s1899,2
s1900,5
s1901,2
s1902,2
s1903,5
s1904,5
s1905,3
s1906,4
s1907,3
s1908,2
s1909,5
s1910,3
s1911,5
s1912,5
s1913,3
s1914,5
s1915,3
s1916,2
s1917,3
s1918,5
s1919,5
s1920,5
s1921,4
s1922,5
s1923,5
s1924,1
s1925,5
s1926,5
s1927,5
s1928,2
s1929,2
s1930,2
s1931,3
s1932,2
s1933,2
s1934,5
s1935,3
s1936,3
s1937,5
s1938,2
s1939,2
s1940,2
s1941,2
s1942,3
s1943,5
s1944,1
s1945,5
s1946,5
s1947,5
s1948,5
s1949,5
s1950,3
s1951,2
s1952,2
s1953,5
s1954,5
s1955,5
s1956,5
s1957,5
s1958,2
s1959,3
s1960,5
s1961,2
s1962,5
s1963,5
s1964,5
s1965,2
s1966,2
s1967,2
s1968,5
s1969,3
s1970,2
s1971,2
s1972,2
s1973,5
s1974,5
s1975,4
s1976,4
s1977,5
s1978,5
s1979,5
s1980,1
s1981,5
s1982,5
s1983,2
s1984,5
s1985,3
s1986,3
s1987,3
s1988,5
s1989,2
s1990,5
s1991,5
s1992,4
s1993,3
s1994,5
s1995,3
s1996,2
s1997,2
s1998,3
s1999,5
s2000,2
s2001,2
s2002,3
s2003,5
s2004,5
s2005,5
s2006,5
s2007,2
s2008,5
s2009,2
s2010,3
s2011,2
s2012,5
s2013,5
s2014,5
s2015,3
s2016,5
s2017,3
s2018,4
s2019,5
s2020,5
s2021,2
s2022,5
s2023,5
s2024,5
s2025,4
s2026,5
s2027,2
s2028,2
s2029,1
s2030,2
s2031,2
s2032,2
s2033,5
s2034,2
s2035,5
s2036,3
s2037,3
s2038,3
s2039,5
s2040,5
s2041,5
s2042,5
s2043,3
s2044,5
s2045,4
s2046,5
s2047,5
s2048,2
s2049,3
s2050,5
s2051,2
s2052,2
s2053,5
s2054,3
s2055,2
s2056,5
s2057,2
s2058,5
s2059,2
s2060,5
s2061,5
s2062,5
s2063,5
s2064,1
s2065,5
s2066,1
s2067,3
s2068,5
s2069,5
s2070,2
s2071,5
s2072,5
s2073,5
s2074,5
s2075,5
s2076,5
s2077,3
s2078,5
s2079,5
s2080,3
s2081,3
s2082,2
s2083,2
s2084,5
s2085,5
s2086,3
s2087,5
s2088,5
s2089,5
s2090,5
s2091,5
s2092,3
s2093,1
s2094,5
s2095,2
s2096,2
s2097,2
s2098,5
s2099,5
s2100,3
s2101,5
s2102,5
s2103,5
s2104,5
s2105,5
s2106,5
s2107,3
s2108,2
s2109,1
s2110,2
s2111,5
s2112,1
s2113,4
s2114,3
s2115,2
s2116,5
s2117,2
s2118,5
s2119,5
s2120,5
s2121,4
s2122,5
s2123,5
s2124,2
s2125,5
s2126,5
s2127,5
s2128,2
s2129,2
s2130,5
s2131,2
s2132,5
s2133,5
s2134,2
s2135,5
s2136,5
s2137,5
s2138,5
s2139,4
s2140,5
s2141,5
s2142,1
s2143,5
s2144,5
s2145,5
s2146,5
s2147,5
s2148,5
s2149,5
s2150,3
s2151,3
s2152,2
s2153,1
s2154,5
s2155,1
s2156,2
s2157,2
s2158,4
s2159,5
s2160,3
s2161,2
s2162,5
s2163,3
s2164,5
s2165,5
s2166,5
s2167,3
s2168,2
s2169,2
s2170,3
s2171,2
s2172,5
s2173,5
s2174,2
s2175,5
s2176,5
s2177,4
s2178,1
s2179,1
s2180,3
s2181,5
s2182,2
s2183,5
s2184,2
s2185,5
s2186,5
s2187,3
s2188,5
s2189,5
s2190,3
s2191,2
s2192,1
s2193,4
s2194,2
s2195,2
s2196,2
s2197,5
s2198,5
s2199,5
s2200,1
s2201,2
s2202,5
s2203,3
s2204,1
s2205,3
s2206,2
s2207,3
s2208,5
s2209,5
s2210,3
s2211,4
s2212,5
s2213,5
s2214,5
s2215,5
s2216,5
s2217,5
s2218,5
s2219,3
s2220,2
s2221,3
s2222,5
s2223,3
s2224,5
s2225,5
s2226,5
s2227,5
s2228,2
s2229,1
s2230,2
s2231,2
s2232,5
s2233,2
s2234,1
s2235,2
s2236,3
s2237,2
s2238,5
s2239,2
s2240,5
s2241,5
s2242,2
s2243,5
s2244,5
s2245,5
s2246,3
s2247,5
s2248,5
s2249,3
s2250,5
s2251,2
s2252,5
s2253,5
s2254,5
s2255,5
s2256,5
s2257,5
s2258,5
s2259,5
s2260,5
s2261,5
s2262,5
s2263,2
s2264,3
s2265,5
s2266,5
s2267,5
s2268,5
s2269,3
s2270,3
s2271,5
s2272,1
s2273,1
s2274,1
s2275,5
s2276,3
s2277,5
s2278,3
s2279,5
s2280,5
s2281,5
s2282,3
s2283,2
s2284,3
s2285,5
s2286,3
s2287,5
s2288,5
s2289,2
s2290,5
s2291,2
s2292,5
s2293,5
s2294,2
s2295,2
s2296,5
s2297,3
s2298,5
s2299,5
s2300,3
s2301,3
s2302,3
s2303,5
s2304,5
s2305,5
s2306,2
s2307,4
s2308,4
s2309,3
s2310,3
s2311,4
s2312,3
s2313,3
s2314,2
s2315,5
s2316,2
s2317,5
s2318,5
s2319,5
s2320,5
s2321,2
s2322,5
s2323,5
s2324,3
s2325,5
s2326,5
s2327,2
s2328,4
s2329,2
s2330,5
s2331,2
s2332,2
s2333,2
s2334,5
s2335,2
s2336,5
s2337,2
s2338,3
s2339,3
s2340,2
s2341,1
s2342,2
s2343,5
s2344,5
s2345,5
s2346,5
s2347,5
s2348,2
s2349,5
s2350,5
s2351,3
s2352,5
s2353,5
s2354,5
s2355,2
s2356,4
s2357,4
s2358,1
s2359,5
s2360,
s2361,3
s2362,3
s2363,3
s2364,5
s2365,5
s2366,5
s2367,5
s2368,3
s2369,2
s2370,3
s2371,3
s2372,5
s2373,2
s2374,3
s2375,3
s2376,5
s2377,5
s2378,5
s2379,3
s2380,5
s2381,4
s2382,3
s2383,5
s2384,5
s2385,5
s2386,3
s2387,3
s2388,5
s2389,3
s2390,5
s2391,3
s2392,5
s2393,5
s2394,2
s2395,5
s2396,2
s2397,1
s2398,5
s2399,4
s2400,3
s2401,5
s2402,5
s2403,2
s2404,2
s2405,5
s2406,5
s2407,5
s2408,5
s2409,2
s2410,4
s2411,1
s2412,2
s2413,2
s2414,3
s2415,5
s2416,5
s2417,5
s2418,3
s2419,5
s2420,5
s2421,5
s2422,5
s2423,5
s2424,2
s2425,5
s2426,5
s2427,5
s2428,2
s2429,5
s2430,5
s2431,5
s2432,3
s2433,5
s2434,5
s2435,3
s2436,2
s2437,5
s2438,4
s2439,4
s2440,4
s2441,5
s2442,2
s2443,1
s2444,2
s2445,3
s2446,3
s2447,4
s2448,4
s2449,3
s2450,3
s2451,3
s2452,2
s2453,3
s2454,1
s2455,3
s2456,3
s2457,5
s2458,5
s2459,2
s2460,2
s2461,3
s2462,5
s2463,1
s2464,3
s2465,4
s2466,3
s2467,5
s2468,4
s2469,5
s2470,2
s2471,5
s2472,2
s2473,5
s2474,5
s2475,2
s2476,2
s2477,3
s2478,2
s2479,5
s2480,3
s2481,5
s2482,5
s2483,5
s2484,5
s2485,U5
s2486,2
s2487,5
s2488,3
s2489,5
s2490,3
s2491,5
s2492,3
s2493,2
s2494,5
s2495,2
s2496,5
s2497,5
s2498,5
s2499,1
s2500,3
s2501,2
s2502,4
s2503,5
s2504,2
s2505,5
s2506,5
s2507,2
s2508,5
s2509,5
s2510,5
s2511,5
s2512,3
s2513,5
s2514,2
s2515,3
s2516,5
s2517,3
s2518,2
s2519,2
s2520,2
s2521,5
s2522,5
s2523,3
s2524,3
s2525,2
s2526,5
s2527,3
s2528,3
s2529,2
s2530,5
s2531,4
s2532,5
s2533,5
s2534,5
s2535,3
s2536,2
s2537,5
s2538,5
s2539,2
s2540,5
s2541,5
s2542,5
s2543,5
s2544,4
s2545,3
s2546,1
s2547,1
s2548,5
s2549,2
s2550,5
s2551,2
s2552,5
s2553,3
s2554,5
s2555,2
s2556,2
s2557,2
s2558,2
s2559,3
s2560,4
s2561,1
s2562,2
s2563,5
s2564,5
s2565,5
s2566,5
s2567,2
s2568,3
s2569,4
s2570,5
s2571,2
s2572,2
s2573,2
s2574,5
s2575,2
s2576,5
s2577,2
s2578,3
s2579,3
s2580,2
s2581,3
s2582,2
s2583,2
s2584,2
s2585,2
s2586,3
s2587,2
s2588,2
s2589,2
s2590,5
s2591,5
s2592,2
s2593,5
s2594,2
s2595,5
s2596,3
s2597,5
s2598,2
s2599,5
s2600,5
s2601,5
s2602,5
s2603,5
s2604,1
s2605,3
s2606,5
s2607,2
s2608,2
s2609,5
s2610,3
s2611,2
s2612,5
s2613,5
s2614,2
s2615,5
s2616,1
s2617,5
s2618,5
s2619,5
s2620,2
s2621,2
s2622,5
s2623,2
s2624,5
s2625,5
s2626,5
s2627,5
s2628,3
s2629,2
s2630,2
s2631,5
s2632,5
s2633,2
s2634,2
s2635,1
s2636,4
s2637,3
s2638,1
s2639,3
s2640,5
s2641,4
s2642,5
s2643,2
s2644,3
s2645,5
s2646,5
s2647,5
s2648,4
s2649,3
s2650,2
s2651,2
s2652,5
s2653,1
s2654,5
s2655,5
s2656,5
s2657,2
s2658,5
s2659,2
s2660,5
s2661,2
s2662,2
s2663,5
s2664,5
s2665,5
s2666,5
s2667,3
s2668,5
s2669,5
s2670,5
s2671,5
s2672,5
s2673,1
s2674,5
s2675,2
s2676,2
s2677,2
s2678,3
s2679,2
s2680,5
s2681,5
s2682,5
s2683,5
s2684,3
s2685,4
s2686,4
s2687,2
s2688,5
s2689,5
s2690,2
s2691,5
s2692,3
s2693,2
s2694,4
s2695,2
s2696,5
s2697,5
s2698,5
s2699,5
s2700,1
s2701,5
s2702,5
s2703,2
s2704,2
s2705,5
s2706,2
s2707,2
s2708,5
s2709,2
s2710,5
s2711,2
s2712,5
s2713,5
s2714,3
s2715,2
s2716,2
s2717,5
s2718,5
s2719,2
s2720,4
s2721,2
s2722,2
s2723,2
s2724,5
s2725,5
s2726,5
s2727,5
s2728,5
s2729,2
s2730,5
s2731,3
s2732,2
s2733,5
s2734,5
s2735,2
s2736,5
s2737,2
s2738,2
s2739,3
s2740,3
s2741,3
s2742,4
s2743,5
s2744,2
s2745,2
s2746,5
s2747,3
s2748,2
s2749,5
s2750,5
s2751,5
s2752,2
s2753,2
s2754,5
s2755,3
s2756,5
s2757,3
s2758,5
s2759,2
s2760,3
s2761,2
s2762,5
s2763,3
s2764,3
s2765,5
s2766,4
s2767,5
s2768,5
s2769,5
s2770,5
s2771,5
s2772,1
s2773,3
s2774,3
s2775,5
s2776,5
s2777,3
s2778,5
s2779,5
s2780,2
s2781,5
s2782,1
s2783,2
s2784,5
s2785,2
s2786,5
s2787,5
s2788,2
s2789,4
s2790,5
s2791,3
s2792,5
s2793,1
s2794,3
s2795,3
s2796,2
s2797,5
s2798,5
s2799,3
s2800,3
s2801,5
s2802,3
s2803,2
s2804,3
s2805,3
s2806,2
s2807,5
s2808,5
s2809,4
s2810,4
s2811,2
s2812,2
s2813,5
s2814,5
s2815,2
s2816,3
s2817,5
s2818,1
s2819,5
s2820,5
s2821,5
s2822,5
s2823,5
s2824,3
s2825,2
s2826,2
s2827,3
s2828,5
s2829,4
s2830,3
s2831,2
s2832,3
s2833,5
s2834,5
s2835,2
s2836,2
s2837,5
s2838,5
s2839,3
s2840,3
s2841,3
s2842,5
s2843,1
s2844,5
s2845,2
s2846,5
s2847,5
s2848,3
s2849,5
s2850,5
s2851,2
s2852,3
s2853,3
s2854,3
s2855,2
s2856,3
s2857,5
s2858,3
s2859,3
s2860,2
s2861,1
s2862,3
s2863,3
s2864,2
s2865,3
s2866,5
s2867,3
s2868,5
s2869,5
s2870,5
s2871,5
s2872,5
s2873,2
s2874,4
s2875,5
s2876,5
s2877,2
s2878,5
s2879,5
s2880,5
s2881,2
s2882,2
s2883,5
s2884,3
s2885,5
s2886,5
s2887,5
s2888,5
s2889,3
s2890,5
s2891,2
s2892,5
s2893,3
s2894,2
s2895,2
s2896,5
s2897,3
s2898,5
s2899,2
s2900,5
s2901,3
s2902,1
s2903,2
s2904,5
s2905,5
s2906,5
s2907,5
s2908,2
s2909,5
s2910,3
s2911,2
s2912,2
s2913,2
s2914,2
s2915,2
s2916,5
s2917,5
s2918,5
s2919,2
s2920,5
s2921,3
s2922,5
s2923,5
s2924,3
s2925,5
s2926,5
s2927,5
s2928,5
s2929,5
s2930,5
s2931,5
s2932,5
s2933,5
s2934,2
s2935,5
s2936,5
s2937,3
s2938,2
s2939,3
s2940,3
s2941,5
s2942,1
s2943,3
s2944,5
s2945,5
s2946,5
s2947,5
s2948,5
s2949,1
s2950,5
s2951,3
s2952,3
s2953,5
s2954,U5
s2955,2
s2956,5
s2957,5
s2958,5
s2959,5
s2960,5
s2961,2
s2962,5
s2963,2
s2964,5
s2965,5
s2966,3
s2967,2
s2968,5
s2969,2
s2970,5
s2971,2
s2972,2
s2973,3
s2974,5
s2975,5
s2976,5
s2977,3
s2978,2
s2979,3
s2980,3
s2981,2
s2982,5
s2983,5
s2984,5
s2985,5
s2986,3
s2987,1
s2988,3
s2989,5
s2990,2
s2991,3
s2992,3
s2993,3
s2994,3
s2995,5
s2996,3
s2997,3
s2998,5
s2999,5
s3000,5
s3001,2
s3002,5
s3003,5
s3004,2
s3005,2
s3006,5
s3007,3
s3008,5
s3009,5
s3010,2
s3011,5
s3012,2
s3013,5
s3014,5
s3015,5
s3016,2
s3017,2
s3018,5
s3019,5
s3020,3
s3021,4
s3022,5
s3023,5
s3024,3
s3025,5
s3026,3
s3027,2
s3028,5
s3029,5
s3030,5
s3031,5
s3032,5
s3033,3
s3034,5
s3035,5
s3036,5
s3037,2
s3038,3
s3039,2
s3040,3
s3041,2
s3042,4
s3043,3
s3044,5
s3045,3
s3046,5
s3047,2
s3048,5
s3049,5
s3050,3
s3051,5
s3052,4
s3053,2
s3054,2
s3055,2
s3056,5
s3057,2
s3058,3
s3059,4
s3060,5
s3061,5
s3062,5
s3063,5
s3064,1
s3065,3
s3066,2
s3067,2
s3068,5
s3069,3
s3070,3
s3071,2
s3072,5
s3073,5
s3074,5
s3075,5
s3076,3
s3077,3
s3078,5
s3079,2
s3080,5
s3081,5
s3082,5
s3083,2
s3084,5
s3085,5
s3086,1
s3087,3
s3088,5
s3089,4
s3090,4
s3091,2
s3092,2
s3093,2
s3094,2
s3095,5
s3096,2
s3097,3
s3098,5
s3099,5
s3100,5
s3101,5
s3102,5
s3103,5
s3104,5
s3105,3
s3106,2
s3107,5
s3108,2
s3109,5
s3110,5
s3111,2
s3112,5
s3113,2
s3114,5
s3115,5
s3116,4
s3117,2
s3118,2
s3119,2
s3120,5
s3121,2
s3122,5
s3123,2
s3124,5
s3125,5
s3126,5
s3127,1
s3128,5
s3129,2
s3130,3
s3131,5
s3132,5
s3133,5
s3134,5
s3135,5
s3136,5
s3137,5
s3138,5
s3139,5
s3140,5
s3141,5
s3142,2
s3143,5
s3144,5
s3145,3
s3146,5
s3147,5
s3148,5
s3149,5
s3150,1
s3151,5
s3152,3
s3153,2
s3154,2
s3155,3
s3156,5
s3157,2
s3158,5
s3159,4
s3160,2
s3161,5
s3162,5
s3163,3
s3164,2
s3165,2
s3166,5
s3167,2
s3168,2
s3169,3
s3170,2
s3171,2
s3172,5
s3173,5
s3174,5
s3175,5
s3176,5
s3177,5
s3178,5
s3179,5
s3180,1
s3181,5
s3182,2
s3183,3
s3184,4
s3185,5
s3186,4
s3187,3
s3188,2
s3189,5
s3190,5
s3191,5
s3192,5
s3193,2
s3194,5
s3195,5
s3196,2
s3197,2
s3198,5
s3199,5
s3200,5
s3201,2
s3202,5
s3203,3
s3204,5
s3205,5
s3206,5
s3207,5
s3208,3
s3209,5
s3210,5
s3211,5
s3212,3
s3213,4
s3214,5
s3215,2
s3216,3
s3217,5
s3218,5
s3219,5
s3220,2
s3221,5
s3222,3
s3223,2
s3224,5
s3225,2
s3226,5
s3227,5
s3228,5
s3229,2
s3230,5
s3231,5
s3232,5
s3233,3
s3234,2
s3235,2
s3236,3
s3237,2
s3238,3
s3239,1
s3240,4
s3241,4
s3242,1
s3243,2
s3244,3
s3245,5
s3246,3
s3247,3
s3248,5
s3249,5
s3250,3
s3251,5
s3252,1
s3253,2
s3254,5
s3255,2
s3256,2
s3257,1
s3258,5
s3259,4
s3260,4
s3261,5
s3262,5
s3263,3
s3264,3
s3265,3
s3266,2
s3267,2
s3268,2
s3269,5
s3270,2
s3271,2
s3272,5
s3273,3
s3274,3
s3275,2
s3276,2
s3277,2
s3278,3
s3279,5
s3280,5
s3281,2
s3282,2
s3283,2
s3284,5
s3285,2
s3286,2
s3287,3
s3288,5
s3289,2
s3290,5
s3291,2
s3292,2
s3293,5
s3294,3
s3295,5
s3296,2
s3297,5
s3298,2
s3299,3
s3300,2
s3301,2
s3302,2
s3303,3
s3304,2
s3305,2
s3306,2
s3307,2
s3308,2
s3309,5
s3310,2
s3311,3
s3312,2
s3313,2
s3314,5
s3315,3
s3316,2
s3317,5
s3318,3
s3319,5
s3320,5
s3321,5
s3322,5
s3323,5
s3324,5
s3325,1
s3326,5
s3327,2
s3328,5
s3329,2
s3330,2
s3331,4
s3332,2
s3333,2
s3334,5
s3335,2
s3336,3
s3337,3
s3338,5
s3339,5
s3340,5
s3341,5
s3342,5
s3343,5
s3344,5
s3345,5
s3346,5
s3347,5
s3348,5
s3349,3
s3350,3
s3351,3
s3352,5
s3353,2
s3354,2
s3355,2
s3356,2
s3357,2
s3358,2
s3359,2
s3360,2
s3361,2
s3362,3
s3363,2
s3364,2
s3365,4
s3366,5
s3367,5
s3368,5
s3369,4
s3370,2
s3371,4
s3372,5
s3373,5
s3374,3
s3375,4
s3376,5
s3377,5
s3378,5
s3379,2
s3380,5
s3381,2
s3382,5
s3383,5
s3384,5
s3385,2
s3386,2
s3387,5
s3388,3
s3389,5
s3390,5
s3391,3
s3392,5
s3393,5
s3394,5
s3395,5
s3396,5
s3397,1
s3398,5
s3399,2
s3400,3
s3401,2
s3402,5
s3403,5
s3404,3
s3405,3
s3406,5
s3407,5
s3408,4
s3409,3
s3410,2
s3411,3
s3412,5
s3413,5
s3414,5
s3415,1
s3416,2
s3417,5
s3418,2
s3419,2
s3420,2
s3421,3
s3422,5
s3423,5
s3424,3
s3425,5
s3426,2
s3427,3
s3428,5
s3429,5
s3430,2
s3431,2
s3432,5
s3433,2
s3434,1
s3435,2
s3436,2
s3437,3
s3438,3
s3439,4
s3440,4
s3441,2
s3442,1
s3443,2
s3444,5
s3445,4
s3446,4
s3447,4
s3448,4
s3449,4
s3450,4
s3451,4
s3452,4
s3453,5
s3454,5
s3455,4
s3456,5
s3457,1
s3458,2
s3459,5
s3460,2
s3461,2
s3462,5
s3463,4
s3464,4
s3465,5
s3466,4
s3467,3
s3468,3
s3469,3
s3470,2
s3471,2
s3472,2
s3473,5
s3474,2
s3475,5
s3476,2
s3477,5
s3478,3
s3479,2
s3480,5
s3481,5
s3482,3
s3483,3
s3484,2
s3485,5
s3486,5
s3487,5
s3488,3
s3489,5
s3490,5
s3491,2
s3492,5
s3493,2
s3494,2
s3495,2
s3496,2
s3497,5
s3498,5
s3499,5
s3500,5
s3501,5
s3502,5
s3503,5
s3504,5
s3505,5
s3506,3
s3507,2
s3508,2
s3509,3
s3510,5
s3511,1
s3512,5
s3513,5
s3514,5
s3515,3
s3516,5
s3517,3
s3518,5
s3519,NC-17
s3520,2
s3521,5
s3522,3
s3523,5
s3524,3
s3525,3
s3526,2
s3527,5
s3528,2
s3529,5
s3530,5
s3531,2
s3532,5
s3533,2
s3534,4
s3535,4
s3536,5
s3537,2
s3538,5
s3539,5
s3540,5
s3541,2
s3542,2
s3543,5
s3544,5
s3545,5
s3546,2
s3547,4
s3548,5
s3549,2
s3550,5
s3551,2
s3552,5
s3553,5
s3554,2
s3555,3
s3556,5
s3557,2
s3558,3
s3559,3
s3560,4
s3561,4
s3562,4
s3563,4
s3564,4
s3565,4
s3566,5
s3567,3
s3568,3
s3569,2
s3570,5
s3571,3
s3572,5
s3573,4
s3574,4
s3575,2
s3576,3
s3577,3
s3578,5
s3579,4
s3580,4
s3581,4
s3582,1
s3583,4
s3584,4
s3585,1
s3586,4
s3587,4
s3588,4
s3589,4
s3590,4
s3591,4
s3592,4
s3593,4
s3594,4-FV
s3595,4
s3596,4
s3597,5
s3598,5
s3599,5
s3600,5
s3601,4
s3602,4-FV
s3603,5
s3604,3
s3605,5
s3606,2
s3607,5
s3608,3
s3609,3
s3610,2
s3611,5
s3612,3
s3613,2
s3614,5
s3615,5
s3616,2
s3617,3
s3618,5
s3619,5
s3620,3
s3621,3
s3622,5
s3623,5
s3624,5
s3625,2
s3626,3
s3627,5
s3628,3
s3629,1
s3630,3
s3631,3
s3632,2
s3633,2
s3634,2
s3635,5
s3636,2
s3637,2
s3638,3
s3639,5
s3640,5
s3641,5
s3642,5
s3643,5
s3644,5
s3645,3
s3646,5
s3647,3
s3648,5
s3649,5
s3650,5
s3651,2
s3652,3
s3653,2
s3654,5
s3655,2
s3656,4
s3657,4
s3658,5
s3659,2
s3660,5
s3661,
s3662,4
s3663,4
s3664,3
s3665,1
s3666,3
s3667,3
s3668,4
s3669,4-FV
s3670,4
s3671,4
s3672,4
s3673,4
s3674,4
s3675,4
s3676,1
s3677,5
s3678,4
s3679,4
s3680,1
s3681,5
s3682,5
s3683,5
s3684,5
s3685,5
s3686,5
s3687,2
s3688,4
s3689,3
s3690,2
s3691,2
s3692,2
s3693,5
s3694,2
s3695,3
s3696,5
s3697,5
s3698,2
s3699,2
s3700,5
s3701,3
s3702,5
s3703,5
s3704,5
s3705,3
s3706,2
s3707,4
s3708,5
s3709,5
s3710,5
s3711,5
s3712,5
s3713,2
s3714,2
s3715,5
s3716,4
s3717,2
s3718,2
s3719,1
s3720,2
s3721,1
s3722,5
s3723,5
s3724,2
s3725,2
s3726,3
s3727,5
s3728,2
s3729,1
s3730,5
s3731,2
s3732,5
s3733,3
s3734,3
s3735,2
s3736,2
s3737,
s3738,
s3739,
s3740,5
s3741,2
s3742,5
s3743,5
s3744,5
s3745,5
s3746,5
s3747,3
s3748,5
s3749,2
s3750,5
s3751,2
s3752,5
s3753,5
s3754,5
s3755,2
s3756,2
s3757,2
s3758,5
s3759,5
s3760,5
s3761,2
s3762,2
s3763,3
s3764,5
s3765,2
s3766,3
s3767,2
s3768,2
s3769,2
s3770,2
s3771,5
s3772,2
s3773,2
s3774,2
s3775,3
s3776,5
s3777,5
s3778,2
s3779,2
s3780,5
s3781,2
s3782,2
s3783,1
s3784,3
s3785,5
s3786,3
s3787,5
s3788,2
s3789,5
s3790,5
s3791,5
s3792,2
s3793,5
s3794,3
s3795,5
s3796,5
s3797,2
s3798,5
s3799,3
s3800,5
s3801,1
s3802,1
s3803,1
s3804,4
s3805,3
s3806,2
s3807,5
s3808,2
s3809,2
s3810,2
s3811,2
s3812,3
s3813,2
s3814,5
s3815,5
s3816,5
s3817,3
s3818,5
s3819,4
s3820,4
s3821,5
s3822,4
s3823,5
s3824,3
s3825,2
s3826,5
s3827,5
s3828,2
s3829,5
s3830,2
s3831,5
s3832,3
s3833,3
s3834,5
s3835,5
s3836,5
s3837,5
s3838,5
s3839,2
s3840,3
s3841,1
s3842,5
s3843,2
s3844,3
s3845,3
s3846,5
s3847,5
s3848,5
s3849,2
s3850,2
s3851,5
s3852,4
s3853,2
s3854,2
s3855,2
s3856,3
s3857,4
s3858,1
s3859,2
s3860,2
s3861,5
s3862,3
s3863,2
s3864,2
s3865,2
s3866,2
s3867,2
s3868,2
s3869,3
s3870,2
s3871,2
s3872,2
s3873,2
s3874,3
s3875,2
s3876,3
s3877,3
s3878,2
s3879,5
s3880,1
s3881,1
s3882,5
s3883,3
s3884,2
s3885,5
s3886,5
s3887,5
s3888,1
s3889,1
s3890,1
s3891,5
s3892,3
s3893,2
s3894,5
s3895,5
s3896,5
s3897,2
s3898,5
s3899,3
s3900,3
s3901,5
s3902,2
s3903,3
s3904,2
s3905,2
s3906,5
s3907,2
s3908,5
s3909,2
s3910,2
s3911,5
s3912,5
s3913,2
s3914,5
s3915,2
s3916,2
s3917,3
s3918,5
s3919,5
s3920,5
s3921,2
s3922,2
s3923,2
s3924,5
s3925,5
s3926,5
s3927,5
s3928,5
s3929,5
s3930,5
s3931,5
s3932,5
s3933,2
s3934,2
s3935,5
s3936,5
s3937,5
s3938,5
s3939,5
s3940,5
s3941,1
s3942,5
s3943,5
s3944,2
s3945,2
s3946,5
s3947,5
s3948,5
s3949,2
s3950,5
s3951,2
s3952,3
s3953,5
s3954,5
s3955,5
s3956,3
s3957,2
s3958,2
s3959,3
s3960,2
s3961,2
s3962,3
s3963,2
s3964,5
s3965,3
s3966,5
s3967,3
s3968,5
s3969,5
s3970,5
s3971,5
s3972,3
s3973,3
s3974,3
s3975,2
s3976,5
s3977,2
s3978,2
s3979,5
s3980,4
s3981,4
s3982,4
s3983,5
s3984,2
s3985,1
s3986,5
s3987,2
s3988,2
s3989,5
s3990,2
s3991,2
s3992,5
s3993,2
s3994,5
s3995,2
s3996,5
s3997,5
s3998,2
s3999,3
s4000,2
s4001,3
s4002,3
s4003,2
s4004,3
s4005,5
s4006,5
s4007,5
s4008,3
s4009,5
s4010,2
s4011,5
s4012,5
s4013,5
s4014,3
s4015,5
s4016,3
s4017,3
s4018,2
s4019,1
s4020,5
s4021,3
s4022,5
s4023,5
s4024,3
s4025,2
s4026,5
s4027,5
s4028,5
s4029,5
s4030,2
s4031,2
s4032,3
s4033,3
s4034,2
s4035,2
s4036,3
s4037,5
s4038,5
s4039,2
s4040,5
s4041,3
s4042,5
s4043,2
s4044,2
s4045,5
s4046,5
s4047,5
s4048,3
s4049,3
s4050,5
s4051,5
s4052,2
s4053,5
s4054,5
s4055,5
s4056,5
s4057,2
s4058,2
s4059,5
s4060,3
s4061,5
s4062,3
s4063,5
s4064,2
s4065,5
s4066,4
s4067,5
s4068,5
s4069,5
s4070,3
s4071,5
s4072,5
s4073,5
s4074,5
s4075,3
s4076,5
s4077,1
s4078,5
s4079,5
s4080,2
s4081,3
s4082,4
s4083,4
s4084,4
s4085,4
s4086,4
s4087,4
s4088,4
s4089,4
s4090,4
s4091,2
s4092,5
s4093,5
s4094,5
s4095,5
s4096,5
s4097,2
s4098,5
s4099,2
s4100,5
s4101,5
s4102,5
s4103,5
s4104,5
s4105,5
s4106,5
s4107,2
s4108,5
s4109,5
s4110,5
s4111,2
s4112,5
s4113,3
s4114,1
s4115,4
s4116,4
s4117,2
s4118,2
s4119,3
s4120,3
s4121,2
s4122,4
s4123,5
s4124,3
s4125,2
s4126,3
s4127,5
s4128,5
s4129,3
s4130,2
s4131,1
s4132,5
s4133,5
s4134,2
s4135,2
s4136,3
s4137,2
s4138,3
s4139,5
s4140,3
s4141,2
s4142,3
s4143,1
s4144,5
s4145,5
s4146,1
s4147,5
s4148,3
s4149,2
s4150,5
s4151,5
s4152,3
s4153,5
s4154,3
s4155,5
s4156,5
s4157,5
s4158,3
s4159,2
s4160,3
s4161,3
s4162,5
s4163,2
s4164,5
s4165,2
s4166,5
s4167,2
s4168,4
s4169,5
s4170,2
s4171,2
s4172,2
s4173,3
s4174,5
s4175,5
s4176,3
s4177,5
s4178,5
s4179,5
s4180,4
s4181,3
s4182,5
s4183,3
s4184,5
s4185,3
s4186,4
s4187,4
s4188,4
s4189,4
s4190,4
s4191,4
s4192,4
s4193,4
s4194,4
s4195,4
s4196,4
s4197,4
s4198,1
s4199,4
s4200,3
s4201,4
s4202,4
s4203,3
s4204,5
s4205,3
s4206,1
s4207,1
s4208,3
s4209,5
s4210,5
s4211,5
s4212,5
s4213,5
s4214,5
s4215,5
s4216,5
s4217,5
s4218,2
s4219,5
s4220,5
s4221,5
s4222,5
s4223,5
s4224,5
s4225,2
s4226,2
s4227,4
s4228,5
s4229,5
s4230,5
s4231,2
s4232,5
s4233,5
s4234,5
s4235,5
s4236,5
s4237,2
s4238,4
s4239,2
s4240,3
s4241,4
s4242,4-FV
s4243,3
s4244,5
s4245,5
s4246,1
s4247,3
s4248,3
s4249,5
s4250,3
s4251,3
s4252,2
s4253,2
s4254,3
s4255,5
s4256,5
s4257,2
s4258,5
s4259,5
s4260,2
s4261,3
s4262,1
s4263,5
s4264,2
s4265,3
s4266,5
s4267,5
s4268,2
s4269,2
s4270,3
s4271,5
s4272,2
s4273,2
s4274,3
s4275,2
s4276,3
s4277,5
s4278,5
s4279,2
s4280,5
s4281,5
s4282,2
s4283,3
s4284,3
s4285,2
s4286,5
s4287,2
s4288,5
s4289,5
s4290,3
s4291,1
s4292,5
s4293,5
s4294,3
s4295,2
s4296,2
s4297,2
s4298,3
s4299,5
s4300,5
s4301,3
s4302,5
s4303,2
s4304,3
s4305,3
s4306,2
s4307,5
s4308,2
s4309,3
s4310,2
s4311,2
s4312,5
s4313,2
s4314,2
s4315,3
s4316,2
s4317,5
s4318,2
s4319,2
s4320,2
s4321,3
s4322,2
s4323,2
s4324,
s4325,5
s4326,3
s4327,5
s4328,3
s4329,2
s4330,3
s4331,4
s4332,4
s4333,4
s4334,4
s4335,4
s4336,4
s4337,4
s4338,5
s4339,5
s4340,3
s4341,5
s4342,3
s4343,1
s4344,5
s4345,2
s4346,5
s4347,1
s4348,3
s4349,2
s4350,2
s4351,2
s4352,2
s4353,5
s4354,2
s4355,5
s4356,3
s4357,3
s4358,5
s4359,1
s4360,2
s4361,5
s4362,5
s4363,2
s4364,5
s4365,5
s4366,2
s4367,5
s4368,5
s4369,2
s4370,3
s4371,2
s4372,2
s4373,5
s4374,5
s4375,5
s4376,2
s4377,3
s4378,5
s4379,3
s4380,2
s4381,2
s4382,2
s4383,3
s4384,1
s4385,3
s4386,2
s4387,3
s4388,2
s4389,2
s4390,3
s4391,3
s4392,3
s4393,5
s4394,2
s4395,3
s4396,2
s4397,2
s4398,1
s4399,5
s4400,5
s4401,5
s4402,5
s4403,5
s4404,5
s4405,2
s4406,3
s4407,3
s4408,2
s4409,3
s4410,2
s4411,3
s4412,3
s4413,3
s4414,2
s4415,3
s4416,5
s4417,5
s4418,5
s4419,2
s4420,3
s4421,5
s4422,5
s4423,3
s4424,1
s4425,3
s4426,2
s4427,5
s4428,5
s4429,3
s4430,1
s4431,1
s4432,3
s4433,3
s4434,3
s4435,3
s4436,3
s4437,5
s4438,3
s4439,2
s4440,2
s4441,5
s4442,2
s4443,2
s4444,2
s4445,5
s4446,5
s4447,5
s4448,2
s4449,5
s4450,2
s4451,3
s4452,2
s4453,2
s4454,3
s4455,5
s4456,1
s4457,3
s4458,2
s4459,3
s4460,2
s4461,2
s4462,5
s4463,5
s4464,5
s4465,5
s4466,5
s4467,3
s4468,3
s4469,5
s4470,5
s4471,5
s4472,2
s4473,5
s4474,3
s4475,5
s4476,5
s4477,5
s4478,5
s4479,4
s4480,1
s4481,2
s4482,5
s4483,2
s4484,3
s4485,5
s4486,3
s4487,5
s4488,5
s4489,5
s4490,3
s4491,2
s4492,5
s4493,5
s4494,5
s4495,3
s4496,5
s4497,3
s4498,5
s4499,5
s4500,5
s4501,5
s4502,2
s4503,5
s4504,5
s4505,4
s4506,5
s4507,5
s4508,4
s4509,3
s4510,3
s4511,5
s4512,5
s4513,1
s4514,2
s4515,2
s4516,5
s4517,3
s4518,5
s4519,3
s4520,3
s4521,1
s4522,1
s4523,3
s4524,3
s4525,3
s4526,1
s4527,2
s4528,1
s4529,3
s4530,3
s4531,2
s4532,3
s4533,3
s4534,3
s4535,3
s4536,1
s4537,3
s4538,3
s4539,3
s4540,1
s4541,5
s4542,3
s4543,3
s4544,5
s4545,5
s4546,5
s4547,5
s4548,5
s4549,4
s4550,3
s4551,5
s4552,5
s4553,5
s4554,2
s4555,1
s4556,5
s4557,5
s4558,5
s4559,5
s4560,5
s4561,1
s4562,5
s4563,5
s4564,3
s4565,3
s4566,3
s4567,2
s4568,5
s4569,4
s4570,4
s4571,4
s4572,4
s4573,4
s4574,4
s4575,2
s4576,5
s4577,5
s4578,5
s4579,2
s4580,5
s4581,5
s4582,5
s4583,4
s4584,2
s4585,5
s4586,5
s4587,5
s4588,5
s4589,3
s4590,4-FV
s4591,1
s4592,5
s4593,5
s4594,2
s4595,2
s4596,2
s4597,1
s4598,2
s4599,5
s4600,3
s4601,2
s4602,5
s4603,2
s4604,5
s4605,3
s4606,4
s4607,5
s4608,5
s4609,2
s4610,2
s4611,5
s4612,5
s4613,5
s4614,2
s4615,2
s4616,5
s4617,5
s4618,2
s4619,2
s4620,2
s4621,5
s4622,3
s4623,5
s4624,5
s4625,2
s4626,3
s4627,5
s4628,3
s4629,5
s4630,3
s4631,2
s4632,2
s4633,5
s4634,1
s4635,2
s4636,3
s4637,2
s4638,2
s4639,3
s4640,3
s4641,1
s4642,2
s4643,3
s4644,1
s4645,2
s4646,5
s4647,5
s4648,5
s4649,2
s4650,2
s4651,5
s4652,2
s4653,2
s4654,2
s4655,2
s4656,3
s4657,1
s4658,2
s4659,5
s4660,5
s4661,5
s4662,2
s4663,5
s4664,3
s4665,5
s4666,5
s4667,1
s4668,1
s4669,2
s4670,5
s4671,5
s4672,3
s4673,3
s4674,5
s4675,5
s4676,5
s4677,3
s4678,5
s4679,2
s4680,5
s4681,5
s4682,2
s4683,2
s4684,3
s4685,2
s4686,4
s4687,5
s4688,5
s4689,5
s4690,5
s4691,5
s4692,3
s4693,5
s4694,3
s4695,5
s4696,5
s4697,3
s4698,1
s4699,3
s4700,2
s4701,3
s4702,5
s4703,3
s4704,5
s4705,5
s4706,5
s4707,5
s4708,5
s4709,5
s4710,5
s4711,5
s4712,5
s4713,3
s4714,5
s4715,5
s4716,2
s4717,5
s4718,5
s4719,2
s4720,4
s4721,3
s4722,2
s4723,4
s4724,2
s4725,5
s4726,4
s4727,5
s4728,1
s4729,4
s4730,4
s4731,3
s4732,2
s4733,1
s4734,3
s4735,2
s4736,5
s4737,2
s4738,5
s4739,3
s4740,3
s4741,5
s4742,5
s4743,5
s4744,3
s4745,4
s4746,2
s4747,5
s4748,2
s4749,5
s4750,5
s4751,2
s4752,5
s4753,5
s4754,5
s4755,2
s4756,5
s4757,1
s4758,3
s4759,5
s4760,4
s4761,5
s4762,5
s4763,5
s4764,5
s4765,5
s4766,5
s4767,2
s4768,5
s4769,2
s4770,2
s4771,3
s4772,5
s4773,2
s4774,2
s4775,3
s4776,2
s4777,5
s4778,5
s4779,5
s4780,2
s4781,3
s4782,2
s4783,2
s4784,2
s4785,2
s4786,2
s4787,5
s4788,1
s4789,4
s4790,3
s4791,2
s4792,5
s4793,3
s4794,5
s4795,5
s4796,5
s4797,5
s4798,5
s4799,5
s4800,3
s4801,2
s4802,2
s4803,2
s4804,5
s4805,2
s4806,2
s4807,5
s4808,2
s4809,5
s4810,5
s4811,3
s4812,3
s4813,3
s4814,5
s4815,5
s4816,5
s4817,5
s4818,2
s4819,2
s4820,3
s4821,3
s4822,5
s4823,5
s4824,5
s4825,5
s4826,3
s4827,5
s4828,5
s4829,5
s4830,5
s4831,3
s4832,2
s4833,5
s4834,5
s4835,5
s4836,5
s4837,3
s4838,4
s4839,2
s4840,2
s4841,1
s4842,5
s4843,2
s4844,3
s4845,3
s4846,2
s4847,2
s4848,2
s4849,5
s4850,2
s4851,2
s4852,2
s4853,3
s4854,5
s4855,5
s4856,5
s4857,5
s4858,2
s4859,2
s4860,3
s4861,5
s4862,5
s4863,2
s4864,4
s4865,4
s4866,5
s4867,2
s4868,2
s4869,5
s4870,2
s4871,5
s4872,4
s4873,2
s4874,5
s4875,3
s4876,1
s4877,3
s4878,2
s4879,5
s4880,5
s4881,2
s4882,3
s4883,2
s4884,5
s4885,5
s4886,5
s4887,5
s4888,4
s4889,4
s4890,4
s4891,4
s4892,4
s4893,4
s4894,4
s4895,5
s4896,4
s4897,4
s4898,4
s4899,4
s4900,4
s4901,4
s4902,5
s4903,3
s4904,4
s4905,1
s4906,3
s4907,2
s4908,2
s4909,3
s4910,3
s4911,4
s4912,4
s4913,2
s4914,5
s4915,5
s4916,3
s4917,5
s4918,2
s4919,5
s4920,5
s4921,3
s4922,5
s4923,3
s4924,2
s4925,4
s4926,5
s4927,4
s4928,4
s4929,4
s4930,4
s4931,4
s4932,4
s4933,4
s4934,4
s4935,4
s4936,4
s4937,4
s4938,4
s4939,4
s4940,4
s4941,4
s4942,4
s4943,4
s4944,4
s4945,4
s4946,4
s4947,4
s4948,4
s4949,4
s4950,4
s4951,4
s4952,4
s4953,4
s4954,4
s4955,4
s4956,4
s4957,4
s4958,5
s4959,2
s4960,5
s4961,2
s4962,2
s4963,2
s4964,1
s4965,2
s4966,2
s4967,2
s4968,2
s4969,3
s4970,5
s4971,3
s4972,2
s4973,4
s4974,1
s4975,1
s4976,5
s4977,2
s4978,5
s4979,5
s4980,2
s4981,2
s4982,3
s4983,5
s4984,3
s4985,5
s4986,1
s4987,2
s4988,5
s4989,5
s4990,3
s4991,5
s4992,5
s4993,5
s4994,5
s4995,5
s4996,4
s4997,2
s4998,5
s4999,5
s5000,4
s5001,2
s5002,2
s5003,5
s5004,2
s5005,4
s5006,1
s5007,3
s5008,1
s5009,3
s5010,5
s5011,5
s5012,4
s5013,3
s5014,2
s5015,2
s5016,5
s5017,5
s5018,2
s5019,2
s5020,5
s5021,2
s5022,2
s5023,2
s5024,2
s5025,3
s5026,2
s5027,5
s5028,2
s5029,3
s5030,3
s5031,5
s5032,5
s5033,3
s5034,5
s5035,5
s5036,5
s5037,2
s5038,2
s5039,2
s5040,5
s5041,5
s5042,3
s5043,3
s5044,5
s5045,4
s5046,2
s5047,3
s5048,2
s5049,5
s5050,2
s5051,4
s5052,3
s5053,2
s5054,2
s5055,3
s5056,5
s5057,5
s5058,1
s5059,3
s5060,2
s5061,2
s5062,5
s5063,5
s5064,5
s5065,5
s5066,5
s5067,5
s5068,2
s5069,1
s5070,2
s5071,5
s5072,2
s5073,4
s5074,5
s5075,3
s5076,4
s5077,5
s5078,2
s5079,2
s5080,1
s5081,5
s5082,3
s5083,5
s5084,5
s5085,3
s5086,5
s5087,5
s5088,2
s5089,2
s5090,2
s5091,5
s5092,2
s5093,3
s5094,2
s5095,5
s5096,5
s5097,5
s5098,2
s5099,3
s5100,2
s5101,2
s5102,5
s5103,5
s5104,5
s5105,1
s5106,5
s5107,5
s5108,5
s5109,2
s5110,2
s5111,5
s5112,5
s5113,2
s5114,3
s5115,5
s5116,2
s5117,2
s5118,5
s5119,3
s5120,5
s5121,5
s5122,3
s5123,3
s5124,2
s5125,5
s5126,5
s5127,4
s5128,5
s5129,5
s5130,5
s5131,2
s5132,5
s5133,5
s5134,5
s5135,3
s5136,2
s5137,3
s5138,1
s5139,5
s5140,2
s5141,3
s5142,5
s5143,5
s5144,5
s5145,3
s5146,2
s5147,2
s5148,5
s5149,2
s5150,5
s5151,2
s5152,5
s5153,5
s5154,2
s5155,5
s5156,2
s5157,3
s5158,5
s5159,3
s5160,3
s5161,5
s5162,2
s5163,5
s5164,5
s5165,2
s5166,5
s5167,5
s5168,5
s5169,5
s5170,2
s5171,5
s5172,5
s5173,5
s5174,2
s5175,5
s5176,5
s5177,5
s5178,5
s5179,1
s5180,5
s5181,5
s5182,2
s5183,5
s5184,2
s5185,2
s5186,5
s5187,3
s5188,5
s5189,5
s5190,1
s5191,4
s5192,4
s5193,5
s5194,5
s5195,5
s5196,5
s5197,5
s5198,5
s5199,5
s5200,2
s5201,5
s5202,1
s5203,5
s5204,3
s5205,3
s5206,3
s5207,5
s5208,5
s5209,3
s5210,2
s5211,3
s5212,2
s5213,5
s5214,3
s5215,2
s5216,5
s5217,5
s5218,5
s5219,3
s5220,2
s5221,5
s5222,3
s5223,5
s5224,5
s5225,1
s5226,5
s5227,2
s5228,3
s5229,5
s5230,3
s5231,2
s5232,2
s5233,5
s5234,5
s5235,2
s5236,2
s5237,4
s5238,4
s5239,5
s5240,4
s5241,5
s5242,3
s5243,2
s5244,4
s5245,3
s5246,5
s5247,3
s5248,3
s5249,3
s5250,3
s5251,5
s5252,5
s5253,5
s5254,5
s5255,5
s5256,5
s5257,5
s5258,5
s5259,5
s5260,5
s5261,5
s5262,5
s5263,5
s5264,5
s5265,2
s5266,1
s5267,2
s5268,2
s5269,2
s5270,5
s5271,5
s5272,5
s5273,5
s5274,2
s5275,5
s5276,5
s5277,5
s5278,4
s5279,2
s5280,3
s5281,3
s5282,3
s5283,5
s5284,5
s5285,2
s5286,5
s5287,2
s5288,5
s5289,5
s5290,2
s5291,5
s5292,3
s5293,3
s5294,2
s5295,5
s5296,1
s5297,5
s5298,5
s5299,5
s5300,3
s5301,2
s5302,5
s5303,3
s5304,2
s5305,4
s5306,2
s5307,2
s5308,2
s5309,5
s5310,5
s5311,5
s5312,3
s5313,1
s5314,5
s5315,1
s5316,5
s5317,5
s5318,2
s5319,2
s5320,2
s5321,5
s5322,5
s5323,3
s5324,5
s5325,3
s5326,2
s5327,2
s5328,2
s5329,2
s5330,4
s5331,5
s5332,5
s5333,5
s5334,2
s5335,5
s5336,2
s5337,2
s5338,3
s5339,5
s5340,5
s5341,5
s5342,4
s5343,5
s5344,5
s5345,2
s5346,5
s5347,2
s5348,2
s5349,3
s5350,5
s5351,2
s5352,5
s5353,3
s5354,2
s5355,3
s5356,3
s5357,5
s5358,5
s5359,5
s5360,5
s5361,5
s5362,5
s5363,5
s5364,3
s5365,3
s5366,2
s5367,4
s5368,2
s5369,3
s5370,4
s5371,3
s5372,2
s5373,2
s5374,5
s5375,3
s5376,2
s5377,2
s5378,5
s5379,5
s5380,2
s5381,5
s5382,3
s5383,3
s5384,4
s5385,1
s5386,5
s5387,2
s5388,5
s5389,5
s5390,5
s5391,3
s5392,3
s5393,2
s5394,3
s5395,2
s5396,5
s5397,2
s5398,2
s5399,2
s5400,2
s5401,2
s5402,5
s5403,3
s5404,2
s5405,1
s5406,2
s5407,3
s5408,5
s5409,2
s5410,2
s5411,5
s5412,5
s5413,5
s5414,1
s5415,5
s5416,3
s5417,3
s5418,5
s5419,2
s5420,2
s5421,5
s5422,2
s5423,3
s5424,2
s5425,2
s5426,3
s5427,5
s5428,5
s5429,5
s5430,3
s5431,5
s5432,5
s5433,5
s5434,5
s5435,2
s5436,5
s5437,2
s5438,3
s5439,4
s5440,3
s5441,3
s5442,5
s5443,5
s5444,5
s5445,5
s5446,5
s5447,5
s5448,5
s5449,5
s5450,3
s5451,3
s5452,3
s5453,5
s5454,5
s5455,5
s5456,5
s5457,2
s5458,3
s5459,2
s5460,5
s5461,3
s5462,2
s5463,2
s5464,2
s5465,2
s5466,5
s5467,2
s5468,3
s5469,3
s5470,3
s5471,3
s5472,3
s5473,3
s5474,2
s5475,3
s5476,3
s5477,3
s5478,3
s5479,3
s5480,5
s5481,2
s5482,5
s5483,2
s5484,2
s5485,5
s5486,2
s5487,3
s5488,5
s5489,3
s5490,5
s5491,5
s5492,2
s5493,3
s5494,5
s5495,5
s5496,5
s5497,3
s5498,5
s5499,5
s5500,2
s5501,5
s5502,5
s5503,2
s5504,5
s5505,5
s5506,5
s5507,5
s5508,5
s5509,5
s5510,2
s5511,5
s5512,2
s5513,2
s5514,4
s5515,3
s5516,3
s5517,5
s5518,5
s5519,5
s5520,3
s5521,5
s5522,5
s5523,U5
s5524,5
s5525,5
s5526,5
s5527,5
s5528,2
s5529,5
s5530,5
s5531,5
s5532,2
s5533,2
s5534,5
s5535,2
s5536,5
s5537,2
s5538,5
s5539,5
s5540,2
s5541,2
s5542,3
s5543,2
s5544,3
s5545,2
s5546,4
s5547,4
s5548,4
s5549,2
s5550,5
s5551,3
s5552,5
s5553,3
s5554,2
s5555,4
s5556,2
s5557,5
s5558,5
s5559,2
s5560,5
s5561,5
s5562,5
s5563,2
s5564,3
s5565,2
s5566,2
s5567,5
s5568,5
s5569,5
s5570,2
s5571,5
s5572,3
s5573,2
s5574,U5
s5575,4
s5576,4
s5577,4
s5578,4
s5579,5
s5580,2
s5581,5
s5582,3
s5583,3
s5584,5
s5585,5
s5586,5
s5587,2
s5588,1
s5589,2
s5590,3
s5591,2
s5592,5
s5593,3
s5594,1
s5595,1
s5596,5
s5597,5
s5598,5
s5599,4
s5600,1
s5601,3
s5602,2
s5603,5
s5604,5
s5605,5
s5606,4
s5607,5
s5608,3
s5609,2
s5610,2
s5611,5
s5612,5
s5613,4
s5614,5
s5615,5
s5616,5
s5617,2
s5618,2
s5619,5
s5620,2
s5621,5
s5622,3
s5623,3
s5624,1
s5625,3
s5626,5
s5627,2
s5628,2
s5629,3
s5630,5
s5631,5
s5632,2
s5633,3
s5634,5
s5635,5
s5636,5
s5637,5
s5638,5
s5639,5
s5640,5
s5641,1
s5642,2
s5643,5
s5644,3
s5645,2
s5646,5
s5647,5
s5648,5
s5649,2
s5650,2
s5651,5
s5652,3
s5653,5
s5654,5
s5655,1
s5656,1
s5657,4
s5658,3
s5659,5
s5660,5
s5661,5
s5662,5
s5663,5
s5664,5
s5665,5
s5666,5
s5667,3
s5668,5
s5669,5
s5670,5
s5671,5
s5672,5
s5673,5
s5674,3
s5675,5
s5676,5
s5677,5
s5678,2
s5679,5
s5680,3
s5681,5
s5682,5
s5683,3
s5684,5
s5685,5
s5686,2
s5687,2
s5688,5
s5689,5
s5690,5
s5691,5
s5692,5
s5693,4
s5694,2
s5695,2
s5696,2
s5697,5
s5698,1
s5699,3
s5700,3
s5701,5
s5702,4
s5703,5
s5704,2
s5705,5
s5706,5
s5707,2
s5708,5
s5709,5
s5710,3
s5711,2
s5712,2
s5713,5
s5714,5
s5715,5
s5716,5
s5717,2
s5718,5
s5719,5
s5720,4
s5721,1
s5722,2
s5723,2
s5724,2
s5725,5
s5726,2
s5727,2
s5728,3
s5729,5
s5730,5
s5731,1
s5732,3
s5733,3
s5734,5
s5735,4
s5736,4
s5737,5
s5738,3
s5739,3
s5740,5
s5741,5
s5742,5
s5743,5
s5744,3
s5745,5
s5746,2
s5747,5
s5748,3
s5749,2
s5750,1
s5751,5
s5752,3
s5753,2
s5754,3
s5755,3
s5756,5
s5757,4
s5758,4
s5759,4
s5760,4
s5761,4
s5762,3
s5763,2
s5764,5
s5765,4
s5766,5
s5767,4
s5768,1
s5769,5
s5770,5
s5771,5
s5772,5
s5773,5
s5774,3
s5775,3
s5776,3
s5777,3
s5778,4
s5779,5
s5780,2
s5781,5
s5782,2
s5783,3
s5784,5
s5785,2
s5786,2
s5787,2
s5788,2
s5789,3
s5790,3
s5791,3
s5792,2
s5793,4
s5794,4
s5795,3
s5796,5
s5797,5
s5798,2
s5799,3
s5800,2
s5801,2
s5802,5
s5803,5
s5804,3
s5805,2
s5806,3
s5807,3
s5808,4
s5809,5
s5810,5
s5811,2
s5812,3
s5813,5
s5814,5
s5815,5
s5816,2
s5817,2
s5818,5
s5819,2
s5820,5
s5821,3
s5822,3
s5823,5
s5824,4
s5825,3
s5826,1
s5827,5
s5828,3
s5829,3
s5830,4
s5831,5
s5832,3
s5833,3
s5834,5
s5835,5
s5836,3
s5837,2
s5838,5
s5839,4
s5840,5
s5841,5
s5842,5
s5843,3
s5844,3
s5845,4
s5846,4
s5847,3
s5848,5
s5849,5
s5850,5
s5851,2
s5852,2
s5853,5
s5854,1
s5855,5
s5856,3
s5857,5
s5858,3
s5859,3
s5860,5
s5861,5
s5862,1
s5863,5
s5864,5
s5865,2
s5866,5
s5867,1
s5868,5
s5869,5
s5870,2
s5871,2
s5872,3
s5873,1
s5874,3
s5875,2
s5876,5
s5877,5
s5878,5
s5879,5
s5880,5
s5881,5
s5882,5
s5883,3
s5884,5
s5885,2
s5886,4
s5887,5
s5888,4
s5889,4
s5890,5
s5891,5
s5892,5
s5893,4
s5894,4
s5895,4
s5896,4
s5897,4
s5898,4
s5899,4
s5900,4
s5901,4
s5902,4
s5903,4
s5904,4
s5905,3
s5906,4
s5907,5
s5908,5
s5909,2
s5910,5
s5911,3
s5912,1
s5913,2
s5914,3
s5915,3
s5916,2
s5917,2
s5918,2
s5919,3
s5920,2
s5921,2
s5922,5
s5923,5
s5924,5
s5925,5
s5926,2
s5927,2
s5928,5
s5929,5
s5930,1
s5931,5
s5932,5
s5933,3
s5934,3
s5935,2
s5936,5
s5937,NC-17
s5938,5
s5939,2
s5940,5
s5941,3
s5942,2
s5943,5
s5944,5
s5945,5
s5946,5
s5947,5
s5948,5
s5949,5
s5950,5
s5951,2
s5952,3
s5953,5
s5954,3
s5955,3
s5956,5
s5957,5
s5958,2
s5959,5
s5960,5
s5961,5
s5962,2
s5963,5
s5964,5
s5965,2
s5966,2
s5967,3
s5968,2
s5969,2
s5970,2
s5971,2
s5972,5
s5973,5
s5974,5
s5975,4
s5976,3
s5977,5
s5978,5
s5979,2
s5980,5
s5981,2
s5982,5
s5983,2
s5984,5
s5985,2
s5986,2
s5987,5
s5988,3
s5989,1
s5990,1
s5991,2
s5992,5
s5993,5
s5994,5
s5995,5
s5996,5
s5997,3
s5998,5
s5999,4
s6000,4
s6001,2
s6002,2
s6003,5
s6004,3
s6005,5
s6006,3
s6007,2
s6008,2
s6009,5
s6010,2
s6011,3
s6012,5
s6013,5
s6014,3
s6015,3
s6016,3
s6017,3
s6018,5
s6019,4
s6020,5
s6021,5
s6022,5
s6023,2
s6024,3
s6025,5
s6026,5
s6027,3
s6028,3
s6029,2
s6030,2
s6031,2
s6032,5
s6033,5
s6034,5
s6035,3
s6036,5
s6037,4
s6038,2
s6039,5
s6040,2
s6041,2
s6042,2
s6043,2
s6044,2
s6045,5
s6046,5
s6047,2
s6048,2
s6049,5
s6050,5
s6051,5
s6052,5
s6053,5
s6054,5
s6055,5
s6056,5
s6057,2
s6058,5
s6059,5
s6060,3
s6061,5
s6062,2
s6063,5
s6064,3
s6065,4
s6066,4
s6067,4
s6068,3
s6069,4
s6070,3
s6071,5
s6072,2
s6073,5
s6074,5
s6075,5
s6076,2
s6077,1
s6078,1
s6079,3
s6080,5
s6081,3
s6082,5
s6083,1
s6084,5
s6085,3
s6086,5
s6087,2
s6088,3
s6089,5
s6090,5
s6091,3
s6092,5
s6093,5
s6094,5
s6095,5
s6096,3
s6097,5
s6098,5
s6099,5
s6100,5
s6101,5
s6102,1
s6103,5
s6104,5
s6105,2
s6106,2
s6107,2
s6108,5
s6109,5
s6110,5
s6111,5
s6112,5
s6113,5
s6114,2
s6115,5
s6116,5
s6117,5
s6118,2
s6119,2
s6120,5
s6121,2
s6122,5
s6123,3
s6124,3
s6125,3
s6126,5
s6127,2
s6128,3
s6129,3
s6130,3
s6131,1
s6132,5
s6133,5
s6134,5
s6135,2
s6136,5
s6137,5
s6138,3
s6139,5
s6140,5
s6141,2
s6142,2
s6143,5
s6144,2
s6145,5
s6146,2
s6147,5
s6148,2
s6149,1
s6150,3
s6151,2
s6152,5
s6153,2
s6154,5
s6155,5
s6156,5
s6157,2
s6158,5
s6159,4
s6160,4
s6161,5
s6162,5
s6163,3
s6164,3
s6165,3
s6166,3
s6167,4
s6168,3
s6169,5
s6170,5
s6171,5
s6172,5
s6173,5
s6174,3
s6175,5
s6176,5
s6177,3
s6178,5
s6179,5
s6180,2
s6181,2
s6182,5
s6183,2
s6184,3
s6185,3
s6186,5
s6187,2
s6188,2
s6189,5
s6190,3
s6191,3
s6192,5
s6193,2
s6194,5
s6195,2
s6196,5
s6197,5
s6198,5
s6199,3
s6200,5
s6201,5
s6202,3
s6203,2
s6204,4
s6205,5
s6206,2
s6207,5
s6208,2
s6209,2
s6210,5
s6211,3
s6212,5
s6213,2
s6214,5
s6215,2
s6216,5
s6217,5
s6218,3
s6219,3
s6220,3
s6221,3
s6222,2
s6223,5
s6224,5
s6225,5
s6226,5
s6227,2
s6228,2
s6229,3
s6230,5
s6231,3
s6232,5
s6233,5
s6234,3
s6235,5
s6236,2
s6237,5
s6238,2
s6239,5
s6240,3
s6241,3
s6242,5
s6243,5
s6244,2
s6245,2
s6246,5
s6247,2
s6248,2
s6249,5
s6250,5
s6251,5
s6252,2
s6253,3
s6254,5
s6255,5
s6256,3
s6257,5
s6258,3
s6259,2
s6260,3
s6261,3
s6262,5
s6263,3
s6264,2
s6265,5
s6266,5
s6267,3
s6268,3
s6269,5
s6270,5
s6271,3
s6272,5
s6273,5
s6274,5
s6275,4
s6276,5
s6277,2
s6278,2
s6279,5
s6280,5
s6281,5
s6282,5
s6283,5
s6284,5
s6285,4
s6286,2
s6287,5
s6288,2
s6289,5
s6290,2
s6291,2
s6292,5
s6293,3
s6294,5
s6295,2
s6296,5
s6297,2
s6298,2
s6299,5
s6300,5
s6301,5
s6302,2
s6303,5
s6304,2
s6305,2
s6306,5
s6307,5
s6308,5
s6309,5
s6310,5
s6311,4
s6312,2
s6313,2
s6314,3
s6315,5
s6316,5
s6317,5
s6318,5
s6319,5
s6320,3
s6321,5
s6322,2
s6323,5
s6324,2
s6325,5
s6326,5
s6327,3
s6328,2
s6329,5
s6330,5
s6331,5
s6332,5
s6333,5
s6334,5
s6335,2
s6336,4
s6337,4
s6338,5
s6339,5
s6340,3
s6341,5
s6342,5
s6343,5
s6344,5
s6345,5
s6346,5
s6347,5
s6348,5
s6349,5
s6350,2
s6351,5
s6352,3
s6353,5
s6354,2
s6355,5
s6356,3
s6357,5
s6358,5
s6359,5
s6360,2
s6361,3
s6362,3
s6363,5
s6364,5
s6365,3
s6366,5
s6367,5
s6368,3
s6369,5
s6370,5
s6371,5
s6372,5
s6373,2
s6374,3
s6375,5
s6376,3
s6377,5
s6378,5
s6379,5
s6380,4
s6381,5
s6382,3
s6383,2
s6384,5
s6385,2
s6386,4
s6387,2
s6388,5
s6389,5
s6390,2
s6391,2
s6392,5
s6393,2
s6394,5
s6395,5
s6396,5
s6397,5
s6398,5
s6399,1
s6400,5
s6401,5
s6402,3
s6403,2
s6404,5
s6405,5
s6406,2
s6407,5
s6408,5
s6409,2
s6410,2
s6411,2
s6412,2
s6413,2
s6414,3
s6415,5
s6416,2
s6417,2
s6418,3
s6419,3
s6420,2
s6421,5
s6422,5
s6423,2
s6424,5
s6425,1
s6426,3
s6427,5
s6428,1
s6429,3
s6430,2
s6431,5
s6432,3
s6433,5
s6434,5
s6435,5
s6436,5
s6437,5
s6438,5
s6439,1
s6440,5
s6441,5
s6442,3
s6443,2
s6444,1
s6445,2
s6446,5
s6447,5
s6448,3
s6449,5
s6450,5
s6451,5
s6452,5
s6453,2
s6454,5
s6455,1
s6456,3
s6457,4
s6458,5
s6459,5
s6460,2
s6461,3
s6462,5
s6463,5
s6464,5
s6465,5
s6466,5
s6467,2
s6468,3
s6469,2
s6470,3
s6471,5
s6472,5
s6473,3
s6474,3
s6475,3
s6476,3
s6477,5
s6478,2
s6479,5
s6480,3
s6481,3
s6482,2
s6483,4
s6484,5
s6485,5
s6486,5
s6487,1
s6488,3
s6489,2
s6490,3
s6491,5
s6492,5
s6493,5
s6494,5
s6495,5
s6496,5
s6497,5
s6498,5
s6499,2
s6500,1
s6501,5
s6502,3
s6503,5
s6504,5
s6505,2
s6506,5
s6507,5
s6508,5
s6509,5
s6510,3
s6511,2
s6512,2
s6513,5
s6514,2
s6515,2
s6516,3
s6517,3
s6518,5
s6519,5
s6520,5
s6521,4
s6522,3
s6523,2
s6524,3
s6525,5
s6526,3
s6527,5
s6528,5
s6529,5
s6530,3
s6531,5
s6532,2
s6533,5
s6534,5
s6535,2
s6536,2
s6537,2
s6538,5
s6539,2
s6540,5
s6541,5
s6542,5
s6543,3
s6544,3
s6545,5
s6546,2
s6547,2
s6548,5
s6549,5
s6550,4
s6551,3
s6552,2
s6553,5
s6554,5
s6555,5
s6556,5
s6557,5
s6558,3
s6559,5
s6560,5
s6561,5
s6562,4
s6563,5
s6564,5
s6565,3
s6566,5
s6567,5
s6568,2
s6569,5
s6570,2
s6571,2
s6572,5
s6573,3
s6574,5
s6575,5
s6576,5
s6577,5
s6578,5
s6579,2
s6580,5
s6581,5
s6582,2
s6583,2
s6584,5
s6585,4
s6586,2
s6587,2
s6588,5
s6589,3
s6590,3
s6591,2
s6592,3
s6593,5
s6594,2
s6595,3
s6596,5
s6597,5
s6598,5
s6599,2
s6600,5
s6601,3
s6602,2
s6603,3
s6604,5
s6605,1
s6606,2
s6607,5
s6608,2
s6609,5
s6610,5
s6611,5
s6612,5
s6613,3
s6614,5
s6615,3
s6616,3
s6617,3
s6618,3
s6619,5
s6620,3
s6621,5
s6622,5
s6623,3
s6624,5
s6625,5
s6626,2
s6627,2
s6628,2
s6629,3
s6630,4
s6631,4
s6632,4
s6633,4
s6634,4
s6635,5
s6636,1
s6637,3
s6638,2
s6639,2
s6640,5
s6641,5
s6642,2
s6643,2
s6644,3
s6645,3
s6646,4
s6647,5
s6648,5
s6649,5
s6650,5
s6651,5
s6652,5
s6653,2
s6654,5
s6655,5
s6656,5
s6657,5
s6658,3
s6659,5
s6660,5
s6661,2
s6662,5
s6663,5
s6664,2
s6665,5
s6666,3
s6667,2
s6668,5
s6669,3
s6670,2
s6671,2
s6672,1
s6673,5
s6674,5
s6675,2
s6676,5
s6677,2
s6678,3
s6679,5
s6680,5
s6681,3
s6682,5
s6683,5
s6684,5
s6685,5
s6686,5
s6687,5
s6688,5
s6689,3
s6690,5
s6691,5
s6692,4
s6693,3
s6694,5
s6695,3
s6696,5
s6697,3
s6698,3
s6699,3
s6700,2
s6701,5
s6702,5
s6703,5
s6704,3
s6705,5
s6706,3
s6707,5
s6708,1
s6709,5
s6710,5
s6711,2
s6712,2
s6713,2
s6714,3
s6715,3
s6716,5
s6717,2
s6718,5
s6719,2
s6720,5
s6721,5
s6722,4
s6723,5
s6724,3
s6725,5
s6726,5
s6727,5
s6728,2
s6729,5
s6730,3
s6731,2
s6732,5
s6733,5
s6734,2
s6735,5
s6736,5
s6737,5
s6738,5
s6739,5
s6740,5
s6741,5
s6742,3
s6743,5
s6744,1
s6745,5
s6746,3
s6747,2
s6748,2
s6749,5
s6750,2
s6751,5
s6752,5
s6753,3
s6754,3
s6755,5
s6756,5
s6757,5
s6758,3
s6759,1
s6760,5
s6761,3
s6762,1
s6763,5
s6764,5
s6765,5
s6766,2
s6767,5
s6768,5
s6769,5
s6770,1
s6771,5
s6772,2
s6773,2
s6774,5
s6775,5
s6776,5
s6777,3
s6778,3
s6779,2
s6780,1
s6781,1
s6782,1
s6783,2
s6784,5
s6785,2
s6786,3
s6787,3
s6788,2
s6789,5
s6790,2
s6791,3
s6792,5
s6793,3
s6794,5
s6795,2
s6796,5
s6797,5
s6798,5
s6799,5
s6800,3
s6801,3
s6802,5
s6803,2
s6804,3
s6805,5
s6806,3
s6807,5
s6808,5
s6809,5
s6810,2
s6811,5
s6812,3
s6813,5
s6814,3
s6815,2
s6816,5
s6817,5
s6818,5
s6819,5
s6820,2
s6821,5
s6822,2
s6823,3
s6824,5
s6825,5
s6826,2
s6827,5
s6828,1
s6829,3
s6830,2
s6831,2
s6832,2
s6833,5
s6834,3
s6835,5
s6836,5
s6837,5
s6838,3
s6839,5
s6840,1
s6841,5
s6842,5
s6843,5
s6844,3
s6845,5
s6846,3
s6847,2
s6848,5
s6849,3
s6850,5
s6851,2
s6852,5
s6853,3
s6854,5
s6855,1
s6856,2
s6857,3
s6858,5
s6859,2
s6860,2
s6861,5
s6862,3
s6863,5
s6864,5
s6865,3
s6866,5
s6867,5
s6868,5
s6869,2
s6870,3
s6871,3
s6872,2
s6873,5
s6874,5
s6875,1
s6876,2
s6877,5
s6878,5
s6879,5
s6880,3
s6881,3
s6882,3
s6883,5
s6884,3
s6885,3
s6886,5
s6887,5
s6888,2
s6889,2
s6890,3
s6891,5
s6892,3
s6893,3
s6894,5
s6895,4
s6896,5
s6897,3
s6898,5
s6899,5
s6900,5
s6901,5
s6902,5
s6903,5
s6904,5
s6905,2
s6906,2
s6907,2
s6908,5
s6909,5
s6910,2
s6911,2
s6912,2
s6913,5
s6914,5
s6915,4
s6916,2
s6917,2
s6918,2
s6919,5
s6920,5
s6921,5
s6922,5
s6923,2
s6924,5
s6925,3
s6926,2
s6927,5
s6928,5
s6929,2
s6930,1
s6931,3
s6932,3
s6933,5
s6934,3
s6935,2
s6936,3
s6937,5
s6938,5
s6939,5
s6940,5
s6941,5
s6942,5
s6943,5
s6944,5
s6945,5
s6946,5
s6947,5
s6948,2
s6949,2
s6950,5
s6951,5
s6952,3
s6953,5
s6954,2
s6955,2
s6956,3
s6957,5
s6958,2
s6959,2
s6960,5
s6961,2
s6962,5
s6963,5
s6964,2
s6965,2
s6966,3
s6967,5
s6968,3
s6969,3
s6970,5
s6971,5
s6972,2
s6973,5
s6974,5
s6975,2
s6976,5
s6977,3
s6978,5
s6979,5
s6980,5
s6981,5
s6982,2
s6983,5
s6984,5
s6985,2
s6986,5
s6987,2
s6988,5
s6989,5
s6990,3
s6991,3
s6992,3
s6993,2
s6994,2
s6995,3
s6996,2
s6997,2
s6998,3
s6999,3
s7000,4
s7001,3
s7002,5
s7003,2
s7004,5
s7005,2
s7006,5
s7007,5
s7008,5
s7009,3
s7010,2
s7011,5
s7012,5
s7013,3
s7014,5
s7015,5
s7016,3
s7017,5
s7018,3
s7019,1
s7020,3
s7021,1
s7022,5
s7023,2
s7024,2
s7025,5
s7026,5
s7027,3
s7028,3
s7029,5
s7030,2
s7031,2
s7032,3
s7033,2
s7034,3
s7035,3
s7036,2
s7037,5
s7038,2
s7039,5
s7040,2
s7041,5
s7042,5
s7043,5
s7044,5
s7045,5
s7046,5
s7047,2
s7048,2
s7049,2
s7050,2
s7051,3
s7052,1
s7053,5
s7054,4
s7055,4
s7056,4
s7057,4
s7058,5
s7059,3
s7060,4
s7061,1
s7062,1
s7063,2
s7064,5
s7065,5
s7066,2
s7067,1
s7068,2
s7069,5
s7070,5
s7071,2
s7072,5
s7073,3
s7074,5
s7075,3
s7076,5
s7077,2
s7078,5
s7079,5
s7080,5
s7081,2
s7082,2
s7083,2
s7084,5
s7085,3
s7086,5
s7087,2
s7088,5
s7089,5
s7090,5
s7091,5
s7092,5
s7093,5
s7094,2
s7095,2
s7096,5
s7097,5
s7098,2
s7099,5
s7100,2
s7101,2
s7102,4
s7103,1
s7104,1
s7105,2
s7106,3
s7107,3
s7108,5
s7109,4
s7110,4
s7111,5
s7112,2
s7113,2
s7114,5
s7115,2
s7116,5
s7117,5
s7118,5
s7119,5
s7120,3
s7121,5
s7122,4
s7123,5
s7124,5
s7125,5
s7126,5
s7127,5
s7128,5
s7129,2
s7130,1
s7131,2
s7132,2
s7133,5
s7134,5
s7135,4
s7136,2
s7137,2
s7138,5
s7139,5
s7140,5
s7141,5
s7142,5
s7143,3
s7144,2
s7145,5
s7146,2
s7147,5
s7148,2
s7149,5
s7150,5
s7151,5
s7152,5
s7153,2
s7154,5
s7155,5
s7156,2
s7157,2
s7158,5
s7159,5
s7160,3
s7161,3
s7162,1
s7163,5
s7164,5
s7165,5
s7166,5
s7167,3
s7168,5
s7169,5
s7170,5
s7171,5
s7172,5
s7173,5
s7174,5
s7175,5
s7176,5
s7177,5
s7178,5
s7179,5
s7180,5
s7181,5
s7182,5
s7183,5
s7184,3
s7185,5
s7186,5
s7187,3
s7188,5
s7189,5
s7190,4
s7191,4
s7192,4
s7193,4
s7194,4
s7195,2
s7196,4
s7197,5
s7198,5
s7199,4
s7200,5
s7201,5
s7202,5
s7203,5
s7204,1
s7205,4
s7206,3
s7207,4
s7208,3
s7209,3
s7210,3
s7211,3
s7212,3
s7213,3
s7214,3
s7215,5
s7216,2
s7217,5
s7218,5
s7219,5
s7220,5
s7221,5
s7222,5
s7223,2
s7224,3
s7225,5
s7226,3
s7227,5
s7228,5
s7229,5
s7230,5
s7231,3
s7232,5
s7233,4
s7234,4
s7235,4
s7236,5
s7237,4
s7238,5
s7239,5
s7240,5
s7241,2
s7242,4
s7243,1
s7244,2
s7245,5
s7246,4
s7247,4
s7248,4
s7249,4
s7250,4
s7251,4
s7252,4
s7253,4
s7254,4
s7255,4
s7256,4
s7257,5
s7258,2
s7259,5
s7260,2
s7261,5
s7262,5
s7263,3
s7264,2
s7265,5
s7266,3
s7267,3
s7268,5
s7269,2
s7270,2
s7271,3
s7272,4
s7273,5
s7274,5
s7275,2
s7276,5
s7277,3
s7278,2
s7279,5
s7280,5
s7281,2
s7282,5
s7283,5
s7284,4
s7285,2
s7286,5
s7287,2
s7288,5
s7289,5
s7290,2
s7291,1
s7292,2
s7293,5
s7294,5
s7295,2
s7296,5
s7297,5
s7298,5
s7299,1
s7300,2
s7301,5
s7302,2
s7303,2
s7304,3
s7305,3
s7306,2
s7307,2
s7308,5
s7309,5
s7310,5
s7311,5
s7312,5
s7313,5
s7314,5
s7315,3
s7316,5
s7317,5
s7318,5
s7319,2
s7320,2
s7321,5
s7322,2
s7323,5
s7324,2
s7325,5
s7326,2
s7327,5
s7328,5
s7329,5
s7330,3
s7331,2
s7332,5
s7333,2
s7334,5
s7335,5
s7336,5
s7337,3
s7338,5
s7339,5
s7340,5
s7341,3
s7342,5
s7343,3
s7344,3
s7345,2
s7346,3
s7347,5
s7348,2
s7349,2
s7350,2
s7351,5
s7352,3
s7353,5
s7354,5
s7355,5
s7356,5
s7357,2
s7358,2
s7359,2
s7360,2
s7361,5
s7362,5
s7363,2
s7364,5
s7365,3
s7366,5
s7367,5
s7368,5
s7369,2
s7370,4
s7371,5
s7372,2
s7373,2
s7374,5
s7375,5
s7376,5
s7377,2
s7378,5
s7379,2
s7380,5
s7381,5
s7382,1
s7383,5
s7384,5
s7385,2
s7386,5
s7387,2
s7388,2
s7389,5
s7390,3
s7391,5
s7392,5
s7393,3
s7394,2
s7395,5
s7396,2
s7397,2
s7398,2
s7399,4
s7400,4
s7401,2
s7402,5
s7403,2
s7404,2
s7405,5
s7406,5
s7407,5
s7408,3
s7409,2
s7410,5
s7411,2
s7412,5
s7413,1
s7414,5
s7415,2
s7416,3
s7417,1
s7418,5
s7419,5
s7420,3
s7421,5
s7422,3
s7423,5
s7424,2
s7425,3
s7426,3
s7427,5
s7428,5
s7429,5
s7430,5
s7431,4
s7432,2
s7433,2
s7434,5
s7435,2
s7436,2
s7437,2
s7438,2
s7439,1
s7440,1
s7441,2
s7442,2
s7443,3
s7444,4
s7445,5
s7446,5
s7447,4
s7448,5
s7449,5
s7450,5
s7451,5
s7452,5
s7453,5
s7454,5
s7455,2
s7456,2
s7457,3
s7458,3
s7459,5
s7460,3
s7461,5
s7462,2
s7463,2
s7464,5
s7465,3
s7466,3
s7467,2
s7468,3
s7469,3
s7470,3
s7471,4
s7472,5
s7473,5
s7474,5
s7475,2
s7476,5
s7477,5
s7478,2
s7479,3
s7480,5
s7481,5
s7482,2
s7483,2
s7484,5
s7485,5
s7486,5
s7487,2
s7488,5
s7489,5
s7490,2
s7491,3
s7492,1
s7493,3
s7494,2
s7495,5
s7496,2
s7497,2
s7498,2
s7499,5
s7500,5
s7501,5
s7502,5
s7503,5
s7504,4
s7505,2
s7506,3
s7507,2
s7508,5
s7509,5
s7510,5
s7511,5
s7512,3
s7513,2
s7514,4
s7515,5
s7516,5
s7517,5
s7518,5
s7519,3
s7520,5
s7521,5
s7522,5
s7523,3
s7524,3
s7525,5
s7526,5
s7527,4
s7528,5
s7529,2
s7530,5
s7531,5
s7532,5
s7533,2
s7534,2
s7535,5
s7536,5
s7537,5
s7538,1
s7539,5
s7540,5
s7541,2
s7542,5
s7543,5
s7544,5
s7545,5
s7546,3
s7547,2
s7548,5
s7549,2
s7550,2
s7551,5
s7552,5
s7553,2
s7554,2
s7555,2
s7556,2
s7557,2
s7558,5
s7559,3
s7560,2
s7561,2
s7562,2
s7563,5
s7564,2
s7565,3
s7566,3
s7567,2
s7568,5
s7569,5
s7570,2
s7571,3
s7572,4
s7573,5
s7574,3
s7575,3
s7576,5
s7577,5
s7578,5
s7579,3
s7580,1
s7581,5
s7582,2
s7583,2
s7584,2
s7585,5
s7586,2
s7587,2
s7588,3
s7589,5
s7590,5
s7591,5
s7592,2
s7593,5
s7594,2
s7595,5
s7596,1
s7597,3
s7598,5
s7599,5
s7600,5
s7601,5
s7602,2
s7603,2
s7604,5
s7605,5
s7606,5
s7607,5
s7608,5
s7609,5
s7610,5
s7611,2
s7612,5
s7613,3
s7614,2
s7615,5
s7616,5
s7617,3
s7618,3
s7619,3
s7620,3
s7621,5
s7622,3
s7623,5
s7624,3
s7625,3
s7626,5
s7627,5
s7628,4
s7629,1
s7630,5
s7631,2
s7632,3
s7633,5
s7634,2
s7635,1
s7636,1
s7637,5
s7638,5
s7639,5
s7640,4
s7641,2
s7642,5
s7643,2
s7644,3
s7645,3
s7646,2
s7647,5
s7648,2
s7649,2
s7650,3
s7651,4
s7652,5
s7653,5
s7654,2
s7655,5
s7656,5
s7657,2
s7658,5
s7659,5
s7660,3
s7661,4
s7662,4
s7663,2
s7664,5
s7665,2
s7666,5
s7667,4
s7668,3
s7669,5
s7670,3
s7671,2
s7672,3
s7673,2
s7674,5
s7675,5
s7676,2
s7677,5
s7678,5
s7679,2
s7680,3
s7681,5
s7682,3
s7683,2
s7684,2
s7685,5
s7686,5
s7687,2
s7688,5
s7689,3
s7690,3
s7691,5
s7692,5
s7693,3
s7694,2
s7695,2
s7696,2
s7697,2
s7698,3
s7699,5
s7700,2
s7701,2
s7702,5
s7703,3
s7704,3
s7705,3
s7706,3
s7707,3
s7708,3
s7709,3
s7710,2
s7711,5
s7712,5
s7713,4
s7714,4
s7715,3
s7716,4
s7717,4
s7718,4
s7719,5
s7720,5
s7721,4
s7722,5
s7723,3
s7724,1
s7725,3
s7726,5
s7727,5
s7728,3
s7729,U5
s7730,5
s7731,3
s7732,3
s7733,2
s7734,5
s7735,5
s7736,2
s7737,5
s7738,1
s7739,5
s7740,1
s7741,2
s7742,5
s7743,5
s7744,2
s7745,5
s7746,3
s7747,2
s7748,2
s7749,2
s7750,4
s7751,4
s7752,5
s7753,5
s7754,3
s7755,2
s7756,5
s7757,3
s7758,5
s7759,5
s7760,4
s7761,3
s7762,4
s7763,5
s7764,2
s7765,2
s7766,5
s7767,4
s7768,3
s7769,2
s7770,2
s7771,5
s7772,3
s7773,3
s7774,5
s7775,5
s7776,4
s7777,3
s7778,4
s7779,5
s7780,5
s7781,5
s7782,3
s7783,5
s7784,2
s7785,5
s7786,3
s7787,5
